Data Number,Source Video Title
1.mp4,第一套国际武术竞赛套路刀术（完整版）国一刀术-Scene-008.mp4
2.mp4,第一套国际武术竞赛套路刀术（完整版）国一刀术-Scene-003.mp4
3.mp4,第一套国际武术竞赛套路刀术（完整版）国一刀术-Scene-012.mp4
4.mp4,第一套国际武术竞赛套路刀术（完整版）国一刀术-Scene-004.mp4
5.mp4,第一套国际武术竞赛套路刀术（完整版）国一刀术-Scene-006.mp4
6.mp4,第一套国际武术竞赛套路刀术（完整版）国一刀术-Scene-010.mp4
7.mp4,第一套国际武术竞赛套路刀术（完整版）国一刀术-Scene-007.mp4
8.mp4,第一套国际武术竞赛套路刀术（完整版）国一刀术-Scene-009.mp4
9.mp4,第一套国际武术竞赛套路刀术（完整版）国一刀术-Scene-002.mp4
10.mp4,第一套国际武术竞赛套路刀术（完整版）国一刀术-Scene-013.mp4
11.mp4,第一套国际武术竞赛套路刀术（完整版）国一刀术-Scene-001.mp4
12.mp4,第一套国际武术竞赛套路刀术（完整版）国一刀术-Scene-011.mp4
13.mp4,第一套国际武术竞赛套路刀术（完整版）国一刀术-Scene-005.mp4
14.mp4,2022年广西第十五届区运会武术套路比赛-女子乙组三项全能第三名-黄芳菲-Scene-006.mp4
15.mp4,2022年广西第十五届区运会武术套路比赛-女子乙组三项全能第三名-黄芳菲-Scene-017.mp4
16.mp4,2022年广西第十五届区运会武术套路比赛-女子乙组三项全能第三名-黄芳菲-Scene-026.mp4
17.mp4,2022年广西第十五届区运会武术套路比赛-女子乙组三项全能第三名-黄芳菲-Scene-010.mp4
18.mp4,2022年广西第十五届区运会武术套路比赛-女子乙组三项全能第三名-黄芳菲-Scene-002.mp4
19.mp4,2022年广西第十五届区运会武术套路比赛-女子乙组三项全能第三名-黄芳菲-Scene-018.mp4
20.mp4,2022年广西第十五届区运会武术套路比赛-女子乙组三项全能第三名-黄芳菲-Scene-020.mp4
21.mp4,2022年广西第十五届区运会武术套路比赛-女子乙组三项全能第三名-黄芳菲-Scene-003.mp4
22.mp4,2022年广西第十五届区运会武术套路比赛-女子乙组三项全能第三名-黄芳菲-Scene-029.mp4
23.mp4,2022年广西第十五届区运会武术套路比赛-女子乙组三项全能第三名-黄芳菲-Scene-001.mp4
24.mp4,2022年广西第十五届区运会武术套路比赛-女子乙组三项全能第三名-黄芳菲-Scene-009.mp4
25.mp4,2022年广西第十五届区运会武术套路比赛-女子乙组三项全能第三名-黄芳菲-Scene-016.mp4
26.mp4,2022年广西第十五届区运会武术套路比赛-女子乙组三项全能第三名-黄芳菲-Scene-011.mp4
27.mp4,2022年广西第十五届区运会武术套路比赛-女子乙组三项全能第三名-黄芳菲-Scene-012.mp4
28.mp4,2022年广西第十五届区运会武术套路比赛-女子乙组三项全能第三名-黄芳菲-Scene-024.mp4
29.mp4,2022年广西第十五届区运会武术套路比赛-女子乙组三项全能第三名-黄芳菲-Scene-014.mp4
30.mp4,2022年广西第十五届区运会武术套路比赛-女子乙组三项全能第三名-黄芳菲-Scene-028.mp4
31.mp4,2022年广西第十五届区运会武术套路比赛-女子乙组三项全能第三名-黄芳菲-Scene-027.mp4
32.mp4,2022年广西第十五届区运会武术套路比赛-女子乙组三项全能第三名-黄芳菲-Scene-007.mp4
33.mp4,2022年广西第十五届区运会武术套路比赛-女子乙组三项全能第三名-黄芳菲-Scene-004.mp4
34.mp4,2022年广西第十五届区运会武术套路比赛-女子乙组三项全能第三名-黄芳菲-Scene-019.mp4
35.mp4,2022年广西第十五届区运会武术套路比赛-女子乙组三项全能第三名-黄芳菲-Scene-021.mp4
36.mp4,2022年广西第十五届区运会武术套路比赛-女子乙组三项全能第三名-黄芳菲-Scene-030.mp4
37.mp4,2022年广西第十五届区运会武术套路比赛-女子乙组三项全能第三名-黄芳菲-Scene-008.mp4
38.mp4,2022年广西第十五届区运会武术套路比赛-女子乙组三项全能第三名-黄芳菲-Scene-013.mp4
39.mp4,2022年广西第十五届区运会武术套路比赛-女子乙组三项全能第三名-黄芳菲-Scene-022.mp4
40.mp4,2022年广西第十五届区运会武术套路比赛-女子乙组三项全能第三名-黄芳菲-Scene-005.mp4
41.mp4,2022年广西第十五届区运会武术套路比赛-女子乙组三项全能第三名-黄芳菲-Scene-023.mp4
42.mp4,2022年广西第十五届区运会武术套路比赛-女子乙组三项全能第三名-黄芳菲-Scene-025.mp4
43.mp4,2022年广西第十五届区运会武术套路比赛-女子乙组三项全能第三名-黄芳菲-Scene-015.mp4
44.mp4,旋风腿教学01.mp4
45.mp4,旋风腿03.mp4
46.mp4,旋风腿02.mp4
47.mp4,云剑-Scene-001.mp4
48.mp4,膝关节内侧半月板后角三级损伤，无手术康复锻炼一周年。-Scene-009.mp4
49.mp4,膝关节内侧半月板后角三级损伤，无手术康复锻炼一周年。-Scene-016.mp4
50.mp4,膝关节内侧半月板后角三级损伤，无手术康复锻炼一周年。-Scene-004.mp4
51.mp4,膝关节内侧半月板后角三级损伤，无手术康复锻炼一周年。-Scene-018.mp4
52.mp4,膝关节内侧半月板后角三级损伤，无手术康复锻炼一周年。-Scene-014.mp4
53.mp4,膝关节内侧半月板后角三级损伤，无手术康复锻炼一周年。-Scene-007.mp4
54.mp4,膝关节内侧半月板后角三级损伤，无手术康复锻炼一周年。-Scene-015.mp4
55.mp4,膝关节内侧半月板后角三级损伤，无手术康复锻炼一周年。-Scene-017.mp4
56.mp4,膝关节内侧半月板后角三级损伤，无手术康复锻炼一周年。-Scene-003.mp4
57.mp4,膝关节内侧半月板后角三级损伤，无手术康复锻炼一周年。-Scene-019.mp4
58.mp4,膝关节内侧半月板后角三级损伤，无手术康复锻炼一周年。-Scene-005.mp4
59.mp4,膝关节内侧半月板后角三级损伤，无手术康复锻炼一周年。-Scene-013.mp4
60.mp4,膝关节内侧半月板后角三级损伤，无手术康复锻炼一周年。-Scene-001.mp4
61.mp4,膝关节内侧半月板后角三级损伤，无手术康复锻炼一周年。-Scene-011.mp4
62.mp4,膝关节内侧半月板后角三级损伤，无手术康复锻炼一周年。-Scene-010.mp4
63.mp4,膝关节内侧半月板后角三级损伤，无手术康复锻炼一周年。-Scene-002.mp4
64.mp4,膝关节内侧半月板后角三级损伤，无手术康复锻炼一周年。-Scene-012.mp4
65.mp4,膝关节内侧半月板后角三级损伤，无手术康复锻炼一周年。-Scene-008.mp4
66.mp4,膝关节内侧半月板后角三级损伤，无手术康复锻炼一周年。-Scene-006.mp4
67.mp4,初级剑-Scene-003.mp4
68.mp4,初级剑-Scene-001.mp4
69.mp4,初级剑-Scene-009.mp4
70.mp4,初级剑-Scene-004.mp4
71.mp4,初级剑-Scene-008.mp4
72.mp4,初级剑-Scene-010.mp4
73.mp4,初级剑-Scene-006.mp4
74.mp4,初级剑-Scene-002.mp4
75.mp4,初级剑-Scene-007.mp4
76.mp4,初级剑-Scene-005.mp4
77.mp4,初级剑-Scene-011.mp4
78.mp4,南拳类指定难度：腾空外摆腿720°+马步、旋风脚720°+马步、旋风脚540°+单碟步、腾空外摆腿540°+马步。-Scene-001.mp4
79.mp4,第一套国际武术竞赛套路-南刀-完整版-国一南刀#桂平市竞技武术训练馆 #桂平市竞技武术队-Scene-006.mp4
80.mp4,第一套国际武术竞赛套路-南刀-完整版-国一南刀#桂平市竞技武术训练馆 #桂平市竞技武术队-Scene-001.mp4
81.mp4,第一套国际武术竞赛套路-南刀-完整版-国一南刀#桂平市竞技武术训练馆 #桂平市竞技武术队-Scene-004.mp4
82.mp4,第一套国际武术竞赛套路-南刀-完整版-国一南刀#桂平市竞技武术训练馆 #桂平市竞技武术队-Scene-003.mp4
83.mp4,第一套国际武术竞赛套路-南刀-完整版-国一南刀#桂平市竞技武术训练馆 #桂平市竞技武术队-Scene-009.mp4
84.mp4,第一套国际武术竞赛套路-南刀-完整版-国一南刀#桂平市竞技武术训练馆 #桂平市竞技武术队-Scene-007.mp4
85.mp4,第一套国际武术竞赛套路-南刀-完整版-国一南刀#桂平市竞技武术训练馆 #桂平市竞技武术队-Scene-005.mp4
86.mp4,第一套国际武术竞赛套路-南刀-完整版-国一南刀#桂平市竞技武术训练馆 #桂平市竞技武术队-Scene-008.mp4
87.mp4,第一套国际武术竞赛套路-南刀-完整版-国一南刀#桂平市竞技武术训练馆 #桂平市竞技武术队-Scene-002.mp4
88.mp4,第一套国际武术竞赛套路-南刀-完整版-国一南刀#桂平市竞技武术训练馆 #桂平市竞技武术队-Scene-010.mp4
89.mp4,初级棍术-Scene-015.mp4
90.mp4,初级棍术-Scene-014.mp4
91.mp4,初级棍术-Scene-023.mp4
92.mp4,初级棍术-Scene-012.mp4
93.mp4,初级棍术-Scene-013.mp4
94.mp4,初级棍术-Scene-016.mp4
95.mp4,初级棍术-Scene-020.mp4
96.mp4,初级棍术-Scene-010.mp4
97.mp4,初级棍术-Scene-018.mp4
98.mp4,初级棍术-Scene-009.mp4
99.mp4,初级棍术-Scene-007.mp4
100.mp4,初级棍术-Scene-002.mp4
101.mp4,初级棍术-Scene-019.mp4
102.mp4,初级棍术-Scene-025.mp4
103.mp4,初级棍术-Scene-004.mp4
104.mp4,初级棍术-Scene-003.mp4
105.mp4,初级棍术-Scene-021.mp4
106.mp4,初级棍术-Scene-022.mp4
107.mp4,初级棍术-Scene-017.mp4
108.mp4,初级棍术-Scene-001.mp4
109.mp4,初级棍术-Scene-006.mp4
110.mp4,初级棍术-Scene-008.mp4
111.mp4,初级棍术-Scene-024.mp4
112.mp4,初级棍术-Scene-011.mp4
113.mp4,初级棍术-Scene-005.mp4
114.mp4,备战广西第十五届区运会-Scene-056.mp4
115.mp4,备战广西第十五届区运会-Scene-037.mp4
116.mp4,备战广西第十五届区运会-Scene-024.mp4
117.mp4,备战广西第十五届区运会-Scene-047.mp4
118.mp4,备战广西第十五届区运会-Scene-030.mp4
119.mp4,备战广西第十五届区运会-Scene-019.mp4
120.mp4,备战广西第十五届区运会-Scene-046.mp4
121.mp4,备战广西第十五届区运会-Scene-011.mp4
122.mp4,备战广西第十五届区运会-Scene-052.mp4
123.mp4,备战广西第十五届区运会-Scene-043.mp4
124.mp4,备战广西第十五届区运会-Scene-028.mp4
125.mp4,备战广西第十五届区运会-Scene-013.mp4
126.mp4,备战广西第十五届区运会-Scene-045.mp4
127.mp4,备战广西第十五届区运会-Scene-069.mp4
128.mp4,备战广西第十五届区运会-Scene-064.mp4
129.mp4,备战广西第十五届区运会-Scene-073.mp4
130.mp4,备战广西第十五届区运会-Scene-023.mp4
131.mp4,备战广西第十五届区运会-Scene-032.mp4
132.mp4,备战广西第十五届区运会-Scene-008.mp4
133.mp4,备战广西第十五届区运会-Scene-059.mp4
134.mp4,备战广西第十五届区运会-Scene-005.mp4
135.mp4,备战广西第十五届区运会-Scene-050.mp4
136.mp4,备战广西第十五届区运会-Scene-070.mp4
137.mp4,备战广西第十五届区运会-Scene-067.mp4
138.mp4,备战广西第十五届区运会-Scene-054.mp4
139.mp4,备战广西第十五届区运会-Scene-058.mp4
140.mp4,备战广西第十五届区运会-Scene-068.mp4
141.mp4,备战广西第十五届区运会-Scene-041.mp4
142.mp4,备战广西第十五届区运会-Scene-039.mp4
143.mp4,备战广西第十五届区运会-Scene-066.mp4
144.mp4,备战广西第十五届区运会-Scene-004.mp4
145.mp4,备战广西第十五届区运会-Scene-018.mp4
146.mp4,备战广西第十五届区运会-Scene-003.mp4
147.mp4,备战广西第十五届区运会-Scene-038.mp4
148.mp4,备战广西第十五届区运会-Scene-040.mp4
149.mp4,备战广西第十五届区运会-Scene-010.mp4
150.mp4,备战广西第十五届区运会-Scene-044.mp4
151.mp4,备战广西第十五届区运会-Scene-026.mp4
152.mp4,备战广西第十五届区运会-Scene-035.mp4
153.mp4,备战广西第十五届区运会-Scene-055.mp4
154.mp4,备战广西第十五届区运会-Scene-027.mp4
155.mp4,备战广西第十五届区运会-Scene-029.mp4
156.mp4,备战广西第十五届区运会-Scene-021.mp4
157.mp4,备战广西第十五届区运会-Scene-062.mp4
158.mp4,备战广西第十五届区运会-Scene-051.mp4
159.mp4,备战广西第十五届区运会-Scene-036.mp4
160.mp4,备战广西第十五届区运会-Scene-074.mp4
161.mp4,备战广西第十五届区运会-Scene-012.mp4
162.mp4,备战广西第十五届区运会-Scene-065.mp4
163.mp4,备战广西第十五届区运会-Scene-025.mp4
164.mp4,备战广西第十五届区运会-Scene-072.mp4
165.mp4,备战广西第十五届区运会-Scene-007.mp4
166.mp4,备战广西第十五届区运会-Scene-014.mp4
167.mp4,备战广西第十五届区运会-Scene-061.mp4
168.mp4,备战广西第十五届区运会-Scene-060.mp4
169.mp4,备战广西第十五届区运会-Scene-034.mp4
170.mp4,备战广西第十五届区运会-Scene-017.mp4
171.mp4,备战广西第十五届区运会-Scene-009.mp4
172.mp4,备战广西第十五届区运会-Scene-002.mp4
173.mp4,备战广西第十五届区运会-Scene-015.mp4
174.mp4,备战广西第十五届区运会-Scene-071.mp4
175.mp4,备战广西第十五届区运会-Scene-006.mp4
176.mp4,备战广西第十五届区运会-Scene-016.mp4
177.mp4,备战广西第十五届区运会-Scene-049.mp4
178.mp4,备战广西第十五届区运会-Scene-057.mp4
179.mp4,备战广西第十五届区运会-Scene-033.mp4
180.mp4,备战广西第十五届区运会-Scene-042.mp4
181.mp4,备战广西第十五届区运会-Scene-053.mp4
182.mp4,备战广西第十五届区运会-Scene-022.mp4
183.mp4,备战广西第十五届区运会-Scene-001.mp4
184.mp4,备战广西第十五届区运会-Scene-020.mp4
185.mp4,备战广西第十五届区运会-Scene-048.mp4
186.mp4,备战广西第十五届区运会-Scene-063.mp4
187.mp4,备战广西第十五届区运会-Scene-031.mp4
188.mp4,前腕花-Scene-001.mp4
189.mp4,前腕花-Scene-003.mp4
190.mp4,前腕花-Scene-002.mp4
191.mp4,初级刀术-起势-Scene-001.mp4
192.mp4,初级刀术-起势-Scene-002.mp4
193.mp4,第一套国际武术竞赛套路-南刀-第四段-国一南刀#桂平市竞技武术训练馆#桂平市竞技武术队-Scene-001.mp4
194.mp4,第一套国际武术竞赛套路-南刀-第四段-国一南刀#桂平市竞技武术训练馆#桂平市竞技武术队-Scene-002.mp4
195.mp4,第一套国际武术竞赛套路-南刀-第四段-国一南刀#桂平市竞技武术训练馆#桂平市竞技武术队-Scene-003.mp4
196.mp4,段位制长拳四段单练套路-Scene-001.mp4
197.mp4,段位制长拳四段单练套路-Scene-002.mp4
198.mp4,段位制长拳四段单练套路-Scene-003.mp4
199.mp4,段位制长拳六段单练套路-Scene-007.mp4
200.mp4,段位制长拳六段单练套路-Scene-005.mp4
201.mp4,段位制长拳六段单练套路-Scene-002.mp4
202.mp4,段位制长拳六段单练套路-Scene-001.mp4
203.mp4,段位制长拳六段单练套路-Scene-008.mp4
204.mp4,段位制长拳六段单练套路-Scene-006.mp4
205.mp4,段位制长拳六段单练套路-Scene-003.mp4
206.mp4,段位制长拳六段单练套路-Scene-004.mp4
207.mp4,野马分鬃-Scene-002.mp4
208.mp4,野马分鬃-Scene-001.mp4
209.mp4,第一套国际武术竞赛套路-南棍-第四段-国一南棍#桂平市竞技武术训练馆 #桂平市竞技武术队-Scene-001.mp4
210.mp4,仆步-Scene-001.mp4
211.mp4,第一套国际武术竞赛套路-南棍-完整版-国一南棍#桂平市竞技武术训练馆 #桂平市竞技武术队-Scene-005.mp4
212.mp4,第一套国际武术竞赛套路-南棍-完整版-国一南棍#桂平市竞技武术训练馆 #桂平市竞技武术队-Scene-004.mp4
213.mp4,第一套国际武术竞赛套路-南棍-完整版-国一南棍#桂平市竞技武术训练馆 #桂平市竞技武术队-Scene-002.mp4
214.mp4,第一套国际武术竞赛套路-南棍-完整版-国一南棍#桂平市竞技武术训练馆 #桂平市竞技武术队-Scene-001.mp4
215.mp4,第一套国际武术竞赛套路-南棍-完整版-国一南棍#桂平市竞技武术训练馆 #桂平市竞技武术队-Scene-003.mp4
216.mp4,武术周末班-Scene-003.mp4
217.mp4,武术周末班-Scene-005.mp4
218.mp4,武术周末班-Scene-007.mp4
219.mp4,武术周末班-Scene-014.mp4
220.mp4,武术周末班-Scene-012.mp4
221.mp4,武术周末班-Scene-013.mp4
222.mp4,武术周末班-Scene-008.mp4
223.mp4,武术周末班-Scene-002.mp4
224.mp4,武术周末班-Scene-011.mp4
225.mp4,武术周末班-Scene-004.mp4
226.mp4,武术周末班-Scene-009.mp4
227.mp4,武术周末班-Scene-001.mp4
228.mp4,武术周末班-Scene-006.mp4
229.mp4,武术周末班-Scene-010.mp4
230.mp4,第一套国际武术竞赛套路-长拳-第三段（动作名称）-Scene-002.mp4
231.mp4,第一套国际武术竞赛套路-长拳-第三段（动作名称）-Scene-001.mp4
232.mp4,第一套国际武术竞赛套路-南拳-第二段-国一南拳#桂平市竞技武术训练馆#桂平市竞技武术队-Scene-001.mp4
233.mp4,歇步-Scene-001.mp4
234.mp4,第一套国际武术竞赛套路-南拳-完整版-国一南拳#桂平市竞技武术训练馆#桂平市竞技武术队-Scene-009.mp4
235.mp4,第一套国际武术竞赛套路-南拳-完整版-国一南拳#桂平市竞技武术训练馆#桂平市竞技武术队-Scene-001.mp4
236.mp4,第一套国际武术竞赛套路-南拳-完整版-国一南拳#桂平市竞技武术训练馆#桂平市竞技武术队-Scene-007.mp4
237.mp4,第一套国际武术竞赛套路-南拳-完整版-国一南拳#桂平市竞技武术训练馆#桂平市竞技武术队-Scene-006.mp4
238.mp4,第一套国际武术竞赛套路-南拳-完整版-国一南拳#桂平市竞技武术训练馆#桂平市竞技武术队-Scene-003.mp4
239.mp4,第一套国际武术竞赛套路-南拳-完整版-国一南拳#桂平市竞技武术训练馆#桂平市竞技武术队-Scene-004.mp4
240.mp4,第一套国际武术竞赛套路-南拳-完整版-国一南拳#桂平市竞技武术训练馆#桂平市竞技武术队-Scene-008.mp4
241.mp4,第一套国际武术竞赛套路-南拳-完整版-国一南拳#桂平市竞技武术训练馆#桂平市竞技武术队-Scene-002.mp4
242.mp4,第一套国际武术竞赛套路-南拳-完整版-国一南拳#桂平市竞技武术训练馆#桂平市竞技武术队-Scene-005.mp4
243.mp4,崩棍-Scene-001.mp4
244.mp4,2022年广西少年儿童武术套路锦标赛-我馆队员片段-Scene-011.mp4
245.mp4,2022年广西少年儿童武术套路锦标赛-我馆队员片段-Scene-013.mp4
246.mp4,2022年广西少年儿童武术套路锦标赛-我馆队员片段-Scene-026.mp4
247.mp4,2022年广西少年儿童武术套路锦标赛-我馆队员片段-Scene-020.mp4
248.mp4,2022年广西少年儿童武术套路锦标赛-我馆队员片段-Scene-004.mp4
249.mp4,2022年广西少年儿童武术套路锦标赛-我馆队员片段-Scene-025.mp4
250.mp4,2022年广西少年儿童武术套路锦标赛-我馆队员片段-Scene-017.mp4
251.mp4,2022年广西少年儿童武术套路锦标赛-我馆队员片段-Scene-018.mp4
252.mp4,2022年广西少年儿童武术套路锦标赛-我馆队员片段-Scene-016.mp4
253.mp4,2022年广西少年儿童武术套路锦标赛-我馆队员片段-Scene-008.mp4
254.mp4,2022年广西少年儿童武术套路锦标赛-我馆队员片段-Scene-012.mp4
255.mp4,2022年广西少年儿童武术套路锦标赛-我馆队员片段-Scene-006.mp4
256.mp4,2022年广西少年儿童武术套路锦标赛-我馆队员片段-Scene-030.mp4
257.mp4,2022年广西少年儿童武术套路锦标赛-我馆队员片段-Scene-010.mp4
258.mp4,2022年广西少年儿童武术套路锦标赛-我馆队员片段-Scene-007.mp4
259.mp4,2022年广西少年儿童武术套路锦标赛-我馆队员片段-Scene-005.mp4
260.mp4,2022年广西少年儿童武术套路锦标赛-我馆队员片段-Scene-029.mp4
261.mp4,2022年广西少年儿童武术套路锦标赛-我馆队员片段-Scene-002.mp4
262.mp4,2022年广西少年儿童武术套路锦标赛-我馆队员片段-Scene-021.mp4
263.mp4,2022年广西少年儿童武术套路锦标赛-我馆队员片段-Scene-024.mp4
264.mp4,2022年广西少年儿童武术套路锦标赛-我馆队员片段-Scene-001.mp4
265.mp4,2022年广西少年儿童武术套路锦标赛-我馆队员片段-Scene-027.mp4
266.mp4,2022年广西少年儿童武术套路锦标赛-我馆队员片段-Scene-003.mp4
267.mp4,2022年广西少年儿童武术套路锦标赛-我馆队员片段-Scene-015.mp4
268.mp4,2022年广西少年儿童武术套路锦标赛-我馆队员片段-Scene-014.mp4
269.mp4,2022年广西少年儿童武术套路锦标赛-我馆队员片段-Scene-009.mp4
270.mp4,2022年广西少年儿童武术套路锦标赛-我馆队员片段-Scene-023.mp4
271.mp4,2022年广西少年儿童武术套路锦标赛-我馆队员片段-Scene-019.mp4
272.mp4,2022年广西少年儿童武术套路锦标赛-我馆队员片段-Scene-022.mp4
273.mp4,2022年广西少年儿童武术套路锦标赛-我馆队员片段-Scene-028.mp4
274.mp4,斩刀-Scene-001.mp4
275.mp4,崩剑-Scene-001.mp4
276.mp4,原地后空翻+腾空飞脚180°+蝎式-Scene-001.mp4
277.mp4,原地后空翻+腾空飞脚180°+蝎式-Scene-004.mp4
278.mp4,原地后空翻+腾空飞脚180°+蝎式-Scene-002.mp4
279.mp4,原地后空翻+腾空飞脚180°+蝎式-Scene-003.mp4
280.mp4,原地后空翻+腾空飞脚180°+蝎式-Scene-005.mp4
281.mp4,原地后空翻+腾空飞脚180°+蝎式-Scene-006.mp4
282.mp4,初级剑术-Scene-001.mp4
283.mp4,舞花枪-Scene-001.mp4
284.mp4,舞花枪-Scene-002.mp4
285.mp4,膝关节半月板三级损伤，经过这几个月的合理休息，营养的补充和适当的康复训练，现在上楼梯和下楼梯不腿软，但要完全和以前一样，也许还要漫长的时间。-Scene-004.mp4
286.mp4,膝关节半月板三级损伤，经过这几个月的合理休息，营养的补充和适当的康复训练，现在上楼梯和下楼梯不腿软，但要完全和以前一样，也许还要漫长的时间。-Scene-003.mp4
287.mp4,膝关节半月板三级损伤，经过这几个月的合理休息，营养的补充和适当的康复训练，现在上楼梯和下楼梯不腿软，但要完全和以前一样，也许还要漫长的时间。-Scene-002.mp4
288.mp4,膝关节半月板三级损伤，经过这几个月的合理休息，营养的补充和适当的康复训练，现在上楼梯和下楼梯不腿软，但要完全和以前一样，也许还要漫长的时间。-Scene-006.mp4
289.mp4,膝关节半月板三级损伤，经过这几个月的合理休息，营养的补充和适当的康复训练，现在上楼梯和下楼梯不腿软，但要完全和以前一样，也许还要漫长的时间。-Scene-001.mp4
290.mp4,膝关节半月板三级损伤，经过这几个月的合理休息，营养的补充和适当的康复训练，现在上楼梯和下楼梯不腿软，但要完全和以前一样，也许还要漫长的时间。-Scene-005.mp4
291.mp4,膝关节半月板三级损伤，经过这几个月的合理休息，营养的补充和适当的康复训练，现在上楼梯和下楼梯不腿软，但要完全和以前一样，也许还要漫长的时间。-Scene-007.mp4
292.mp4,太极拳-Scene-001.mp4
293.mp4,绞枪-Scene-001.mp4
294.mp4,撩剑-Scene-001.mp4
295.mp4,马步-Scene-001.mp4
296.mp4,（摆莲腿720°+马步）与（旋风脚720°+马步）-Scene-008.mp4
297.mp4,（摆莲腿720°+马步）与（旋风脚720°+马步）-Scene-005.mp4
298.mp4,（摆莲腿720°+马步）与（旋风脚720°+马步）-Scene-012.mp4
299.mp4,（摆莲腿720°+马步）与（旋风脚720°+马步）-Scene-004.mp4
300.mp4,（摆莲腿720°+马步）与（旋风脚720°+马步）-Scene-011.mp4
301.mp4,（摆莲腿720°+马步）与（旋风脚720°+马步）-Scene-006.mp4
302.mp4,（摆莲腿720°+马步）与（旋风脚720°+马步）-Scene-010.mp4
303.mp4,（摆莲腿720°+马步）与（旋风脚720°+马步）-Scene-001.mp4
304.mp4,（摆莲腿720°+马步）与（旋风脚720°+马步）-Scene-002.mp4
305.mp4,（摆莲腿720°+马步）与（旋风脚720°+马步）-Scene-009.mp4
306.mp4,（摆莲腿720°+马步）与（旋风脚720°+马步）-Scene-013.mp4
307.mp4,（摆莲腿720°+马步）与（旋风脚720°+马步）-Scene-007.mp4
308.mp4,（摆莲腿720°+马步）与（旋风脚720°+马步）-Scene-003.mp4
309.mp4,膝关节半月板撕裂7个月-Scene-003.mp4
310.mp4,膝关节半月板撕裂7个月-Scene-001.mp4
311.mp4,膝关节半月板撕裂7个月-Scene-002.mp4
312.mp4,第一套国际武术竞赛套路刀术（第一段）国一刀术-Scene-002.mp4
313.mp4,第一套国际武术竞赛套路刀术（第一段）国一刀术-Scene-003.mp4
314.mp4,第一套国际武术竞赛套路刀术（第一段）国一刀术-Scene-001.mp4
315.mp4,刺剑-Scene-001.mp4
316.mp4,初成（旋子转体360°）-Scene-006.mp4
317.mp4,初成（旋子转体360°）-Scene-005.mp4
318.mp4,初成（旋子转体360°）-Scene-001.mp4
319.mp4,初成（旋子转体360°）-Scene-004.mp4
320.mp4,初成（旋子转体360°）-Scene-002.mp4
321.mp4,初成（旋子转体360°）-Scene-009.mp4
322.mp4,初成（旋子转体360°）-Scene-007.mp4
323.mp4,初成（旋子转体360°）-Scene-008.mp4
324.mp4,初成（旋子转体360°）-Scene-003.mp4
325.mp4,第一套国际武术竞赛套路剑术（慢动作）国一剑术-Scene-001.mp4
326.mp4,第一套国际武术竞赛套路剑术（慢动作）国一剑术-Scene-002.mp4
327.mp4,云枪-Scene-001.mp4
328.mp4,云枪-Scene-002.mp4
329.mp4,云枪-Scene-003.mp4
330.mp4,点剑-Scene-001.mp4
331.mp4,第一套国际武术竞赛套路刀术（第四段）国一刀术-Scene-001.mp4
332.mp4,42式太极拳-第三段 #桂平市竞技武术训练馆 #桂平市竞技武术队-Scene-002.mp4
333.mp4,42式太极拳-第三段 #桂平市竞技武术训练馆 #桂平市竞技武术队-Scene-001.mp4
334.mp4,第一套国际武术竞赛套路刀术（第二段）国一刀术-Scene-002.mp4
335.mp4,第一套国际武术竞赛套路刀术（第二段）国一刀术-Scene-001.mp4
336.mp4,点枪-Scene-001.mp4
337.mp4,第一套国际武术竞赛套路-棍术-（完整版）-国一棍术 #桂平市竞技武术训练馆 #桂平市竞技武术队-Scene-002.mp4
338.mp4,第一套国际武术竞赛套路-棍术-（完整版）-国一棍术 #桂平市竞技武术训练馆 #桂平市竞技武术队-Scene-006.mp4
339.mp4,第一套国际武术竞赛套路-棍术-（完整版）-国一棍术 #桂平市竞技武术训练馆 #桂平市竞技武术队-Scene-001.mp4
340.mp4,第一套国际武术竞赛套路-棍术-（完整版）-国一棍术 #桂平市竞技武术训练馆 #桂平市竞技武术队-Scene-009.mp4
341.mp4,第一套国际武术竞赛套路-棍术-（完整版）-国一棍术 #桂平市竞技武术训练馆 #桂平市竞技武术队-Scene-004.mp4
342.mp4,第一套国际武术竞赛套路-棍术-（完整版）-国一棍术 #桂平市竞技武术训练馆 #桂平市竞技武术队-Scene-003.mp4
343.mp4,第一套国际武术竞赛套路-棍术-（完整版）-国一棍术 #桂平市竞技武术训练馆 #桂平市竞技武术队-Scene-008.mp4
344.mp4,第一套国际武术竞赛套路-棍术-（完整版）-国一棍术 #桂平市竞技武术训练馆 #桂平市竞技武术队-Scene-005.mp4
345.mp4,第一套国际武术竞赛套路-棍术-（完整版）-国一棍术 #桂平市竞技武术训练馆 #桂平市竞技武术队-Scene-007.mp4
346.mp4,小队员训练-Scene-001.mp4
347.mp4,小队员训练-Scene-009.mp4
348.mp4,小队员训练-Scene-004.mp4
349.mp4,小队员训练-Scene-010.mp4
350.mp4,小队员训练-Scene-007.mp4
351.mp4,小队员训练-Scene-011.mp4
352.mp4,小队员训练-Scene-006.mp4
353.mp4,小队员训练-Scene-012.mp4
354.mp4,小队员训练-Scene-003.mp4
355.mp4,小队员训练-Scene-008.mp4
356.mp4,小队员训练-Scene-005.mp4
357.mp4,小队员训练-Scene-002.mp4
358.mp4,提撩花棍-Scene-001.mp4
359.mp4,42式太极剑-第二段 #桂平市竞技武术训练馆 #桂平市竞技武术队-Scene-002.mp4
360.mp4,42式太极剑-第二段 #桂平市竞技武术训练馆 #桂平市竞技武术队-Scene-001.mp4
361.mp4,我们的一路走来-Scene-048.mp4
362.mp4,我们的一路走来-Scene-043.mp4
363.mp4,我们的一路走来-Scene-032.mp4
364.mp4,我们的一路走来-Scene-042.mp4
365.mp4,我们的一路走来-Scene-045.mp4
366.mp4,我们的一路走来-Scene-040.mp4
367.mp4,我们的一路走来-Scene-004.mp4
368.mp4,我们的一路走来-Scene-011.mp4
369.mp4,我们的一路走来-Scene-028.mp4
370.mp4,我们的一路走来-Scene-016.mp4
371.mp4,我们的一路走来-Scene-026.mp4
372.mp4,我们的一路走来-Scene-036.mp4
373.mp4,我们的一路走来-Scene-047.mp4
374.mp4,我们的一路走来-Scene-021.mp4
375.mp4,我们的一路走来-Scene-012.mp4
376.mp4,我们的一路走来-Scene-024.mp4
377.mp4,我们的一路走来-Scene-003.mp4
378.mp4,我们的一路走来-Scene-005.mp4
379.mp4,我们的一路走来-Scene-033.mp4
380.mp4,我们的一路走来-Scene-038.mp4
381.mp4,我们的一路走来-Scene-013.mp4
382.mp4,我们的一路走来-Scene-034.mp4
383.mp4,我们的一路走来-Scene-027.mp4
384.mp4,我们的一路走来-Scene-018.mp4
385.mp4,我们的一路走来-Scene-029.mp4
386.mp4,我们的一路走来-Scene-031.mp4
387.mp4,我们的一路走来-Scene-009.mp4
388.mp4,我们的一路走来-Scene-035.mp4
389.mp4,我们的一路走来-Scene-019.mp4
390.mp4,我们的一路走来-Scene-025.mp4
391.mp4,我们的一路走来-Scene-015.mp4
392.mp4,我们的一路走来-Scene-030.mp4
393.mp4,我们的一路走来-Scene-022.mp4
394.mp4,我们的一路走来-Scene-020.mp4
395.mp4,我们的一路走来-Scene-041.mp4
396.mp4,我们的一路走来-Scene-017.mp4
397.mp4,我们的一路走来-Scene-014.mp4
398.mp4,我们的一路走来-Scene-007.mp4
399.mp4,我们的一路走来-Scene-049.mp4
400.mp4,我们的一路走来-Scene-050.mp4
401.mp4,我们的一路走来-Scene-046.mp4
402.mp4,我们的一路走来-Scene-001.mp4
403.mp4,我们的一路走来-Scene-002.mp4
404.mp4,我们的一路走来-Scene-023.mp4
405.mp4,我们的一路走来-Scene-039.mp4
406.mp4,我们的一路走来-Scene-037.mp4
407.mp4,我们的一路走来-Scene-006.mp4
408.mp4,我们的一路走来-Scene-044.mp4
409.mp4,我们的一路走来-Scene-010.mp4
410.mp4,我们的一路走来-Scene-008.mp4
411.mp4,第一套国际武术竞赛套路剑术（完整版）国一剑术-Scene-002.mp4
412.mp4,第一套国际武术竞赛套路剑术（完整版）国一剑术-Scene-007.mp4
413.mp4,第一套国际武术竞赛套路剑术（完整版）国一剑术-Scene-011.mp4
414.mp4,第一套国际武术竞赛套路剑术（完整版）国一剑术-Scene-005.mp4
415.mp4,第一套国际武术竞赛套路剑术（完整版）国一剑术-Scene-003.mp4
416.mp4,第一套国际武术竞赛套路剑术（完整版）国一剑术-Scene-009.mp4
417.mp4,第一套国际武术竞赛套路剑术（完整版）国一剑术-Scene-008.mp4
418.mp4,第一套国际武术竞赛套路剑术（完整版）国一剑术-Scene-004.mp4
419.mp4,第一套国际武术竞赛套路剑术（完整版）国一剑术-Scene-001.mp4
420.mp4,第一套国际武术竞赛套路剑术（完整版）国一剑术-Scene-006.mp4
421.mp4,第一套国际武术竞赛套路剑术（完整版）国一剑术-Scene-010.mp4
422.mp4,第一套国际武术竞赛套路剑术（完整版）国一剑术-Scene-012.mp4
423.mp4,第一套国际武术竞赛套路-棍术（第二段）国一棍术-Scene-001.mp4
424.mp4,2022年广西第十五届区运会武术套路比赛-男子丙组三项全能第一名-黄晓毅-Scene-013.mp4
425.mp4,2022年广西第十五届区运会武术套路比赛-男子丙组三项全能第一名-黄晓毅-Scene-005.mp4
426.mp4,2022年广西第十五届区运会武术套路比赛-男子丙组三项全能第一名-黄晓毅-Scene-014.mp4
427.mp4,2022年广西第十五届区运会武术套路比赛-男子丙组三项全能第一名-黄晓毅-Scene-016.mp4
428.mp4,2022年广西第十五届区运会武术套路比赛-男子丙组三项全能第一名-黄晓毅-Scene-011.mp4
429.mp4,2022年广西第十五届区运会武术套路比赛-男子丙组三项全能第一名-黄晓毅-Scene-015.mp4
430.mp4,2022年广西第十五届区运会武术套路比赛-男子丙组三项全能第一名-黄晓毅-Scene-018.mp4
431.mp4,2022年广西第十五届区运会武术套路比赛-男子丙组三项全能第一名-黄晓毅-Scene-007.mp4
432.mp4,2022年广西第十五届区运会武术套路比赛-男子丙组三项全能第一名-黄晓毅-Scene-003.mp4
433.mp4,2022年广西第十五届区运会武术套路比赛-男子丙组三项全能第一名-黄晓毅-Scene-009.mp4
434.mp4,2022年广西第十五届区运会武术套路比赛-男子丙组三项全能第一名-黄晓毅-Scene-019.mp4
435.mp4,2022年广西第十五届区运会武术套路比赛-男子丙组三项全能第一名-黄晓毅-Scene-002.mp4
436.mp4,2022年广西第十五届区运会武术套路比赛-男子丙组三项全能第一名-黄晓毅-Scene-006.mp4
437.mp4,2022年广西第十五届区运会武术套路比赛-男子丙组三项全能第一名-黄晓毅-Scene-001.mp4
438.mp4,2022年广西第十五届区运会武术套路比赛-男子丙组三项全能第一名-黄晓毅-Scene-010.mp4
439.mp4,2022年广西第十五届区运会武术套路比赛-男子丙组三项全能第一名-黄晓毅-Scene-004.mp4
440.mp4,2022年广西第十五届区运会武术套路比赛-男子丙组三项全能第一名-黄晓毅-Scene-017.mp4
441.mp4,2022年广西第十五届区运会武术套路比赛-男子丙组三项全能第一名-黄晓毅-Scene-012.mp4
442.mp4,2022年广西第十五届区运会武术套路比赛-男子丙组三项全能第一名-黄晓毅-Scene-008.mp4
443.mp4,侧空翻转体360°+旋子转体360°+跌竖叉-Scene-006.mp4
444.mp4,侧空翻转体360°+旋子转体360°+跌竖叉-Scene-002.mp4
445.mp4,侧空翻转体360°+旋子转体360°+跌竖叉-Scene-008.mp4
446.mp4,侧空翻转体360°+旋子转体360°+跌竖叉-Scene-007.mp4
447.mp4,侧空翻转体360°+旋子转体360°+跌竖叉-Scene-005.mp4
448.mp4,侧空翻转体360°+旋子转体360°+跌竖叉-Scene-001.mp4
449.mp4,侧空翻转体360°+旋子转体360°+跌竖叉-Scene-004.mp4
450.mp4,侧空翻转体360°+旋子转体360°+跌竖叉-Scene-003.mp4
451.mp4,谁不都是磕磕碰碰成长起来的，过程中的艰辛只有自己知道和体会，旁人只看到你站起来或者倒下去的结果。不认输，才有机会赢，加油[强]-Scene-003.mp4
452.mp4,谁不都是磕磕碰碰成长起来的，过程中的艰辛只有自己知道和体会，旁人只看到你站起来或者倒下去的结果。不认输，才有机会赢，加油[强]-Scene-005.mp4
453.mp4,谁不都是磕磕碰碰成长起来的，过程中的艰辛只有自己知道和体会，旁人只看到你站起来或者倒下去的结果。不认输，才有机会赢，加油[强]-Scene-012.mp4
454.mp4,谁不都是磕磕碰碰成长起来的，过程中的艰辛只有自己知道和体会，旁人只看到你站起来或者倒下去的结果。不认输，才有机会赢，加油[强]-Scene-010.mp4
455.mp4,谁不都是磕磕碰碰成长起来的，过程中的艰辛只有自己知道和体会，旁人只看到你站起来或者倒下去的结果。不认输，才有机会赢，加油[强]-Scene-001.mp4
456.mp4,谁不都是磕磕碰碰成长起来的，过程中的艰辛只有自己知道和体会，旁人只看到你站起来或者倒下去的结果。不认输，才有机会赢，加油[强]-Scene-007.mp4
457.mp4,谁不都是磕磕碰碰成长起来的，过程中的艰辛只有自己知道和体会，旁人只看到你站起来或者倒下去的结果。不认输，才有机会赢，加油[强]-Scene-008.mp4
458.mp4,谁不都是磕磕碰碰成长起来的，过程中的艰辛只有自己知道和体会，旁人只看到你站起来或者倒下去的结果。不认输，才有机会赢，加油[强]-Scene-002.mp4
459.mp4,谁不都是磕磕碰碰成长起来的，过程中的艰辛只有自己知道和体会，旁人只看到你站起来或者倒下去的结果。不认输，才有机会赢，加油[强]-Scene-011.mp4
460.mp4,谁不都是磕磕碰碰成长起来的，过程中的艰辛只有自己知道和体会，旁人只看到你站起来或者倒下去的结果。不认输，才有机会赢，加油[强]-Scene-009.mp4
461.mp4,谁不都是磕磕碰碰成长起来的，过程中的艰辛只有自己知道和体会，旁人只看到你站起来或者倒下去的结果。不认输，才有机会赢，加油[强]-Scene-006.mp4
462.mp4,谁不都是磕磕碰碰成长起来的，过程中的艰辛只有自己知道和体会，旁人只看到你站起来或者倒下去的结果。不认输，才有机会赢，加油[强]-Scene-004.mp4
463.mp4,挑把-Scene-001.mp4
464.mp4,侧空翻转体360°和旋风脚360°+马步-Scene-005.mp4
465.mp4,侧空翻转体360°和旋风脚360°+马步-Scene-003.mp4
466.mp4,侧空翻转体360°和旋风脚360°+马步-Scene-002.mp4
467.mp4,侧空翻转体360°和旋风脚360°+马步-Scene-001.mp4
468.mp4,侧空翻转体360°和旋风脚360°+马步-Scene-004.mp4
469.mp4,连旋子转体360°练习-Scene-008.mp4
470.mp4,连旋子转体360°练习-Scene-002.mp4
471.mp4,连旋子转体360°练习-Scene-003.mp4
472.mp4,连旋子转体360°练习-Scene-011.mp4
473.mp4,连旋子转体360°练习-Scene-010.mp4
474.mp4,连旋子转体360°练习-Scene-004.mp4
475.mp4,连旋子转体360°练习-Scene-007.mp4
476.mp4,连旋子转体360°练习-Scene-012.mp4
477.mp4,连旋子转体360°练习-Scene-006.mp4
478.mp4,连旋子转体360°练习-Scene-005.mp4
479.mp4,连旋子转体360°练习-Scene-009.mp4
480.mp4,连旋子转体360°练习-Scene-001.mp4
481.mp4,42式太极拳-第二段 #桂平市竞技武术训练馆 #桂平市竞技武术队-Scene-001.mp4
482.mp4,42式太极拳-第二段 #桂平市竞技武术训练馆 #桂平市竞技武术队-Scene-002.mp4
483.mp4,周末班训练花絮-Scene-007.mp4
484.mp4,周末班训练花絮-Scene-011.mp4
485.mp4,周末班训练花絮-Scene-005.mp4
486.mp4,周末班训练花絮-Scene-002.mp4
487.mp4,周末班训练花絮-Scene-008.mp4
488.mp4,周末班训练花絮-Scene-006.mp4
489.mp4,周末班训练花絮-Scene-004.mp4
490.mp4,周末班训练花絮-Scene-012.mp4
491.mp4,周末班训练花絮-Scene-009.mp4
492.mp4,周末班训练花絮-Scene-003.mp4
493.mp4,周末班训练花絮-Scene-010.mp4
494.mp4,周末班训练花絮-Scene-001.mp4
495.mp4,第一套国际武术竞赛套路-棍术（第三段）国一棍术-Scene-001.mp4
496.mp4,【武术谢远航】视频加载中，速速查收惊喜！-Scene-001.mp4
497.mp4,第一套国际武术竞赛套路长拳-第一段（动作名称）-Scene-001.mp4
498.mp4,第一套国际武术竞赛套路长拳-第一段（动作名称）-Scene-002.mp4
499.mp4,第一套国际武术竞赛套路长拳-第一段（动作名称）-Scene-003.mp4
500.mp4,42式太极剑-Scene-001.mp4
501.mp4,云刀-Scene-001.mp4
502.mp4,由自治区体育局、自治区教育厅主办的2023年广西少年儿童武术套路锦标赛在南宁市开赛，我馆人员在本次比赛中获得6金6银6铜，并4名运动员获得二级运动员资格。-Scene-013.mp4
503.mp4,由自治区体育局、自治区教育厅主办的2023年广西少年儿童武术套路锦标赛在南宁市开赛，我馆人员在本次比赛中获得6金6银6铜，并4名运动员获得二级运动员资格。-Scene-012.mp4
504.mp4,由自治区体育局、自治区教育厅主办的2023年广西少年儿童武术套路锦标赛在南宁市开赛，我馆人员在本次比赛中获得6金6银6铜，并4名运动员获得二级运动员资格。-Scene-008.mp4
505.mp4,由自治区体育局、自治区教育厅主办的2023年广西少年儿童武术套路锦标赛在南宁市开赛，我馆人员在本次比赛中获得6金6银6铜，并4名运动员获得二级运动员资格。-Scene-022.mp4
506.mp4,由自治区体育局、自治区教育厅主办的2023年广西少年儿童武术套路锦标赛在南宁市开赛，我馆人员在本次比赛中获得6金6银6铜，并4名运动员获得二级运动员资格。-Scene-005.mp4
507.mp4,由自治区体育局、自治区教育厅主办的2023年广西少年儿童武术套路锦标赛在南宁市开赛，我馆人员在本次比赛中获得6金6银6铜，并4名运动员获得二级运动员资格。-Scene-006.mp4
508.mp4,由自治区体育局、自治区教育厅主办的2023年广西少年儿童武术套路锦标赛在南宁市开赛，我馆人员在本次比赛中获得6金6银6铜，并4名运动员获得二级运动员资格。-Scene-001.mp4
509.mp4,由自治区体育局、自治区教育厅主办的2023年广西少年儿童武术套路锦标赛在南宁市开赛，我馆人员在本次比赛中获得6金6银6铜，并4名运动员获得二级运动员资格。-Scene-007.mp4
510.mp4,由自治区体育局、自治区教育厅主办的2023年广西少年儿童武术套路锦标赛在南宁市开赛，我馆人员在本次比赛中获得6金6银6铜，并4名运动员获得二级运动员资格。-Scene-016.mp4
511.mp4,由自治区体育局、自治区教育厅主办的2023年广西少年儿童武术套路锦标赛在南宁市开赛，我馆人员在本次比赛中获得6金6银6铜，并4名运动员获得二级运动员资格。-Scene-004.mp4
512.mp4,由自治区体育局、自治区教育厅主办的2023年广西少年儿童武术套路锦标赛在南宁市开赛，我馆人员在本次比赛中获得6金6银6铜，并4名运动员获得二级运动员资格。-Scene-009.mp4
513.mp4,由自治区体育局、自治区教育厅主办的2023年广西少年儿童武术套路锦标赛在南宁市开赛，我馆人员在本次比赛中获得6金6银6铜，并4名运动员获得二级运动员资格。-Scene-023.mp4
514.mp4,由自治区体育局、自治区教育厅主办的2023年广西少年儿童武术套路锦标赛在南宁市开赛，我馆人员在本次比赛中获得6金6银6铜，并4名运动员获得二级运动员资格。-Scene-011.mp4
515.mp4,由自治区体育局、自治区教育厅主办的2023年广西少年儿童武术套路锦标赛在南宁市开赛，我馆人员在本次比赛中获得6金6银6铜，并4名运动员获得二级运动员资格。-Scene-015.mp4
516.mp4,由自治区体育局、自治区教育厅主办的2023年广西少年儿童武术套路锦标赛在南宁市开赛，我馆人员在本次比赛中获得6金6银6铜，并4名运动员获得二级运动员资格。-Scene-020.mp4
517.mp4,由自治区体育局、自治区教育厅主办的2023年广西少年儿童武术套路锦标赛在南宁市开赛，我馆人员在本次比赛中获得6金6银6铜，并4名运动员获得二级运动员资格。-Scene-017.mp4
518.mp4,由自治区体育局、自治区教育厅主办的2023年广西少年儿童武术套路锦标赛在南宁市开赛，我馆人员在本次比赛中获得6金6银6铜，并4名运动员获得二级运动员资格。-Scene-018.mp4
519.mp4,由自治区体育局、自治区教育厅主办的2023年广西少年儿童武术套路锦标赛在南宁市开赛，我馆人员在本次比赛中获得6金6银6铜，并4名运动员获得二级运动员资格。-Scene-010.mp4
520.mp4,由自治区体育局、自治区教育厅主办的2023年广西少年儿童武术套路锦标赛在南宁市开赛，我馆人员在本次比赛中获得6金6银6铜，并4名运动员获得二级运动员资格。-Scene-014.mp4
521.mp4,由自治区体育局、自治区教育厅主办的2023年广西少年儿童武术套路锦标赛在南宁市开赛，我馆人员在本次比赛中获得6金6银6铜，并4名运动员获得二级运动员资格。-Scene-003.mp4
522.mp4,由自治区体育局、自治区教育厅主办的2023年广西少年儿童武术套路锦标赛在南宁市开赛，我馆人员在本次比赛中获得6金6银6铜，并4名运动员获得二级运动员资格。-Scene-019.mp4
523.mp4,由自治区体育局、自治区教育厅主办的2023年广西少年儿童武术套路锦标赛在南宁市开赛，我馆人员在本次比赛中获得6金6银6铜，并4名运动员获得二级运动员资格。-Scene-021.mp4
524.mp4,由自治区体育局、自治区教育厅主办的2023年广西少年儿童武术套路锦标赛在南宁市开赛，我馆人员在本次比赛中获得6金6银6铜，并4名运动员获得二级运动员资格。-Scene-024.mp4
525.mp4,由自治区体育局、自治区教育厅主办的2023年广西少年儿童武术套路锦标赛在南宁市开赛，我馆人员在本次比赛中获得6金6银6铜，并4名运动员获得二级运动员资格。-Scene-002.mp4
526.mp4,劈棍-Scene-001.mp4
527.mp4,第一套国际武术竞赛套路剑术（慢动作）国一剑术-第四段-Scene-001.mp4
528.mp4,第一套国际武术竞赛套路剑术（慢动作）国一剑术-第四段-Scene-003.mp4
529.mp4,第一套国际武术竞赛套路剑术（慢动作）国一剑术-第四段-Scene-002.mp4
530.mp4,第一套国际武术竞赛套路-枪术-第三段-国一枪术#桂平市竞技武术训练馆#桂平市竞技武术队-Scene-001.mp4
531.mp4,第一套国际武术竞赛套路-枪术-第三段-国一枪术#桂平市竞技武术训练馆#桂平市竞技武术队-Scene-002.mp4
532.mp4,劈剑-Scene-001.mp4
533.mp4,42式太极拳-第一段 #桂平市竞技武术训练馆 #桂平市竞技武术队-Scene-001.mp4
534.mp4,42式太极拳-第一段 #桂平市竞技武术训练馆 #桂平市竞技武术队-Scene-002.mp4
535.mp4,体育高考武术套路项目（少年规定拳）-Scene-006.mp4
536.mp4,体育高考武术套路项目（少年规定拳）-Scene-028.mp4
537.mp4,体育高考武术套路项目（少年规定拳）-Scene-004.mp4
538.mp4,体育高考武术套路项目（少年规定拳）-Scene-023.mp4
539.mp4,体育高考武术套路项目（少年规定拳）-Scene-009.mp4
540.mp4,体育高考武术套路项目（少年规定拳）-Scene-016.mp4
541.mp4,体育高考武术套路项目（少年规定拳）-Scene-024.mp4
542.mp4,体育高考武术套路项目（少年规定拳）-Scene-008.mp4
543.mp4,体育高考武术套路项目（少年规定拳）-Scene-010.mp4
544.mp4,体育高考武术套路项目（少年规定拳）-Scene-005.mp4
545.mp4,体育高考武术套路项目（少年规定拳）-Scene-015.mp4
546.mp4,体育高考武术套路项目（少年规定拳）-Scene-030.mp4
547.mp4,体育高考武术套路项目（少年规定拳）-Scene-026.mp4
548.mp4,体育高考武术套路项目（少年规定拳）-Scene-025.mp4
549.mp4,体育高考武术套路项目（少年规定拳）-Scene-031.mp4
550.mp4,体育高考武术套路项目（少年规定拳）-Scene-019.mp4
551.mp4,体育高考武术套路项目（少年规定拳）-Scene-011.mp4
552.mp4,体育高考武术套路项目（少年规定拳）-Scene-032.mp4
553.mp4,体育高考武术套路项目（少年规定拳）-Scene-014.mp4
554.mp4,体育高考武术套路项目（少年规定拳）-Scene-017.mp4
555.mp4,体育高考武术套路项目（少年规定拳）-Scene-012.mp4
556.mp4,体育高考武术套路项目（少年规定拳）-Scene-027.mp4
557.mp4,体育高考武术套路项目（少年规定拳）-Scene-002.mp4
558.mp4,体育高考武术套路项目（少年规定拳）-Scene-007.mp4
559.mp4,体育高考武术套路项目（少年规定拳）-Scene-029.mp4
560.mp4,体育高考武术套路项目（少年规定拳）-Scene-020.mp4
561.mp4,体育高考武术套路项目（少年规定拳）-Scene-003.mp4
562.mp4,体育高考武术套路项目（少年规定拳）-Scene-001.mp4
563.mp4,体育高考武术套路项目（少年规定拳）-Scene-018.mp4
564.mp4,体育高考武术套路项目（少年规定拳）-Scene-021.mp4
565.mp4,体育高考武术套路项目（少年规定拳）-Scene-022.mp4
566.mp4,体育高考武术套路项目（少年规定拳）-Scene-013.mp4
567.mp4,39岁出来作死（抛接动作）-Scene-004.mp4
568.mp4,39岁出来作死（抛接动作）-Scene-006.mp4
569.mp4,39岁出来作死（抛接动作）-Scene-007.mp4
570.mp4,39岁出来作死（抛接动作）-Scene-011.mp4
571.mp4,39岁出来作死（抛接动作）-Scene-003.mp4
572.mp4,39岁出来作死（抛接动作）-Scene-008.mp4
573.mp4,39岁出来作死（抛接动作）-Scene-010.mp4
574.mp4,39岁出来作死（抛接动作）-Scene-001.mp4
575.mp4,39岁出来作死（抛接动作）-Scene-002.mp4
576.mp4,39岁出来作死（抛接动作）-Scene-009.mp4
577.mp4,39岁出来作死（抛接动作）-Scene-005.mp4
578.mp4,云棍-Scene-001.mp4
579.mp4,云棍-Scene-002.mp4
580.mp4,记录三位学员第一次能独立完成侧空翻。-Scene-005.mp4
581.mp4,记录三位学员第一次能独立完成侧空翻。-Scene-003.mp4
582.mp4,记录三位学员第一次能独立完成侧空翻。-Scene-006.mp4
583.mp4,记录三位学员第一次能独立完成侧空翻。-Scene-012.mp4
584.mp4,记录三位学员第一次能独立完成侧空翻。-Scene-016.mp4
585.mp4,记录三位学员第一次能独立完成侧空翻。-Scene-004.mp4
586.mp4,记录三位学员第一次能独立完成侧空翻。-Scene-009.mp4
587.mp4,记录三位学员第一次能独立完成侧空翻。-Scene-007.mp4
588.mp4,记录三位学员第一次能独立完成侧空翻。-Scene-001.mp4
589.mp4,记录三位学员第一次能独立完成侧空翻。-Scene-017.mp4
590.mp4,记录三位学员第一次能独立完成侧空翻。-Scene-010.mp4
591.mp4,记录三位学员第一次能独立完成侧空翻。-Scene-013.mp4
592.mp4,记录三位学员第一次能独立完成侧空翻。-Scene-014.mp4
593.mp4,记录三位学员第一次能独立完成侧空翻。-Scene-002.mp4
594.mp4,记录三位学员第一次能独立完成侧空翻。-Scene-015.mp4
595.mp4,记录三位学员第一次能独立完成侧空翻。-Scene-018.mp4
596.mp4,记录三位学员第一次能独立完成侧空翻。-Scene-011.mp4
597.mp4,记录三位学员第一次能独立完成侧空翻。-Scene-008.mp4
598.mp4,【武术谢远航】更新啦，赶紧来围观吧！-Scene-006.mp4
599.mp4,【武术谢远航】更新啦，赶紧来围观吧！-Scene-007.mp4
600.mp4,【武术谢远航】更新啦，赶紧来围观吧！-Scene-005.mp4
601.mp4,【武术谢远航】更新啦，赶紧来围观吧！-Scene-004.mp4
602.mp4,【武术谢远航】更新啦，赶紧来围观吧！-Scene-002.mp4
603.mp4,【武术谢远航】更新啦，赶紧来围观吧！-Scene-008.mp4
604.mp4,【武术谢远航】更新啦，赶紧来围观吧！-Scene-010.mp4
605.mp4,【武术谢远航】更新啦，赶紧来围观吧！-Scene-009.mp4
606.mp4,【武术谢远航】更新啦，赶紧来围观吧！-Scene-003.mp4
607.mp4,【武术谢远航】更新啦，赶紧来围观吧！-Scene-001.mp4
608.mp4,第一套国际武术竞赛套路-南棍-第二段-国一南棍#桂平市竞技武术训练馆 #桂平市竞技武术队-Scene-002.mp4
609.mp4,第一套国际武术竞赛套路-南棍-第二段-国一南棍#桂平市竞技武术训练馆 #桂平市竞技武术队-Scene-001.mp4
610.mp4,后腕花（剑）-Scene-001.mp4
611.mp4,后腕花（剑）-Scene-002.mp4
612.mp4,后腕花（剑）-Scene-003.mp4
613.mp4,第一套国际武术竞赛套路剑术（慢动作）国一剑术-第三段-Scene-001.mp4
614.mp4,2023广西区武术套路锦标赛赛前训练（桂平竞技武术队）-Scene-064.mp4
615.mp4,2023广西区武术套路锦标赛赛前训练（桂平竞技武术队）-Scene-047.mp4
616.mp4,2023广西区武术套路锦标赛赛前训练（桂平竞技武术队）-Scene-009.mp4
617.mp4,2023广西区武术套路锦标赛赛前训练（桂平竞技武术队）-Scene-055.mp4
618.mp4,2023广西区武术套路锦标赛赛前训练（桂平竞技武术队）-Scene-042.mp4
619.mp4,2023广西区武术套路锦标赛赛前训练（桂平竞技武术队）-Scene-033.mp4
620.mp4,2023广西区武术套路锦标赛赛前训练（桂平竞技武术队）-Scene-023.mp4
621.mp4,2023广西区武术套路锦标赛赛前训练（桂平竞技武术队）-Scene-045.mp4
622.mp4,2023广西区武术套路锦标赛赛前训练（桂平竞技武术队）-Scene-002.mp4
623.mp4,2023广西区武术套路锦标赛赛前训练（桂平竞技武术队）-Scene-015.mp4
624.mp4,2023广西区武术套路锦标赛赛前训练（桂平竞技武术队）-Scene-050.mp4
625.mp4,2023广西区武术套路锦标赛赛前训练（桂平竞技武术队）-Scene-073.mp4
626.mp4,2023广西区武术套路锦标赛赛前训练（桂平竞技武术队）-Scene-051.mp4
627.mp4,2023广西区武术套路锦标赛赛前训练（桂平竞技武术队）-Scene-043.mp4
628.mp4,2023广西区武术套路锦标赛赛前训练（桂平竞技武术队）-Scene-056.mp4
629.mp4,2023广西区武术套路锦标赛赛前训练（桂平竞技武术队）-Scene-026.mp4
630.mp4,2023广西区武术套路锦标赛赛前训练（桂平竞技武术队）-Scene-014.mp4
631.mp4,2023广西区武术套路锦标赛赛前训练（桂平竞技武术队）-Scene-010.mp4
632.mp4,2023广西区武术套路锦标赛赛前训练（桂平竞技武术队）-Scene-065.mp4
633.mp4,2023广西区武术套路锦标赛赛前训练（桂平竞技武术队）-Scene-031.mp4
634.mp4,2023广西区武术套路锦标赛赛前训练（桂平竞技武术队）-Scene-066.mp4
635.mp4,2023广西区武术套路锦标赛赛前训练（桂平竞技武术队）-Scene-011.mp4
636.mp4,2023广西区武术套路锦标赛赛前训练（桂平竞技武术队）-Scene-019.mp4
637.mp4,2023广西区武术套路锦标赛赛前训练（桂平竞技武术队）-Scene-044.mp4
638.mp4,2023广西区武术套路锦标赛赛前训练（桂平竞技武术队）-Scene-059.mp4
639.mp4,2023广西区武术套路锦标赛赛前训练（桂平竞技武术队）-Scene-052.mp4
640.mp4,2023广西区武术套路锦标赛赛前训练（桂平竞技武术队）-Scene-054.mp4
641.mp4,2023广西区武术套路锦标赛赛前训练（桂平竞技武术队）-Scene-017.mp4
642.mp4,2023广西区武术套路锦标赛赛前训练（桂平竞技武术队）-Scene-035.mp4
643.mp4,2023广西区武术套路锦标赛赛前训练（桂平竞技武术队）-Scene-048.mp4
644.mp4,2023广西区武术套路锦标赛赛前训练（桂平竞技武术队）-Scene-070.mp4
645.mp4,2023广西区武术套路锦标赛赛前训练（桂平竞技武术队）-Scene-040.mp4
646.mp4,2023广西区武术套路锦标赛赛前训练（桂平竞技武术队）-Scene-016.mp4
647.mp4,2023广西区武术套路锦标赛赛前训练（桂平竞技武术队）-Scene-025.mp4
648.mp4,2023广西区武术套路锦标赛赛前训练（桂平竞技武术队）-Scene-039.mp4
649.mp4,2023广西区武术套路锦标赛赛前训练（桂平竞技武术队）-Scene-036.mp4
650.mp4,2023广西区武术套路锦标赛赛前训练（桂平竞技武术队）-Scene-072.mp4
651.mp4,2023广西区武术套路锦标赛赛前训练（桂平竞技武术队）-Scene-012.mp4
652.mp4,2023广西区武术套路锦标赛赛前训练（桂平竞技武术队）-Scene-021.mp4
653.mp4,2023广西区武术套路锦标赛赛前训练（桂平竞技武术队）-Scene-063.mp4
654.mp4,2023广西区武术套路锦标赛赛前训练（桂平竞技武术队）-Scene-030.mp4
655.mp4,2023广西区武术套路锦标赛赛前训练（桂平竞技武术队）-Scene-034.mp4
656.mp4,2023广西区武术套路锦标赛赛前训练（桂平竞技武术队）-Scene-018.mp4
657.mp4,2023广西区武术套路锦标赛赛前训练（桂平竞技武术队）-Scene-038.mp4
658.mp4,2023广西区武术套路锦标赛赛前训练（桂平竞技武术队）-Scene-069.mp4
659.mp4,2023广西区武术套路锦标赛赛前训练（桂平竞技武术队）-Scene-001.mp4
660.mp4,2023广西区武术套路锦标赛赛前训练（桂平竞技武术队）-Scene-071.mp4
661.mp4,2023广西区武术套路锦标赛赛前训练（桂平竞技武术队）-Scene-053.mp4
662.mp4,2023广西区武术套路锦标赛赛前训练（桂平竞技武术队）-Scene-046.mp4
663.mp4,2023广西区武术套路锦标赛赛前训练（桂平竞技武术队）-Scene-022.mp4
664.mp4,2023广西区武术套路锦标赛赛前训练（桂平竞技武术队）-Scene-061.mp4
665.mp4,2023广西区武术套路锦标赛赛前训练（桂平竞技武术队）-Scene-037.mp4
666.mp4,2023广西区武术套路锦标赛赛前训练（桂平竞技武术队）-Scene-032.mp4
667.mp4,2023广西区武术套路锦标赛赛前训练（桂平竞技武术队）-Scene-005.mp4
668.mp4,2023广西区武术套路锦标赛赛前训练（桂平竞技武术队）-Scene-029.mp4
669.mp4,2023广西区武术套路锦标赛赛前训练（桂平竞技武术队）-Scene-004.mp4
670.mp4,2023广西区武术套路锦标赛赛前训练（桂平竞技武术队）-Scene-049.mp4
671.mp4,2023广西区武术套路锦标赛赛前训练（桂平竞技武术队）-Scene-024.mp4
672.mp4,2023广西区武术套路锦标赛赛前训练（桂平竞技武术队）-Scene-058.mp4
673.mp4,2023广西区武术套路锦标赛赛前训练（桂平竞技武术队）-Scene-003.mp4
674.mp4,2023广西区武术套路锦标赛赛前训练（桂平竞技武术队）-Scene-057.mp4
675.mp4,2023广西区武术套路锦标赛赛前训练（桂平竞技武术队）-Scene-028.mp4
676.mp4,2023广西区武术套路锦标赛赛前训练（桂平竞技武术队）-Scene-068.mp4
677.mp4,2023广西区武术套路锦标赛赛前训练（桂平竞技武术队）-Scene-074.mp4
678.mp4,2023广西区武术套路锦标赛赛前训练（桂平竞技武术队）-Scene-067.mp4
679.mp4,2023广西区武术套路锦标赛赛前训练（桂平竞技武术队）-Scene-013.mp4
680.mp4,2023广西区武术套路锦标赛赛前训练（桂平竞技武术队）-Scene-060.mp4
681.mp4,2023广西区武术套路锦标赛赛前训练（桂平竞技武术队）-Scene-062.mp4
682.mp4,2023广西区武术套路锦标赛赛前训练（桂平竞技武术队）-Scene-027.mp4
683.mp4,2023广西区武术套路锦标赛赛前训练（桂平竞技武术队）-Scene-020.mp4
684.mp4,2023广西区武术套路锦标赛赛前训练（桂平竞技武术队）-Scene-006.mp4
685.mp4,2023广西区武术套路锦标赛赛前训练（桂平竞技武术队）-Scene-008.mp4
686.mp4,2023广西区武术套路锦标赛赛前训练（桂平竞技武术队）-Scene-007.mp4
687.mp4,2023广西区武术套路锦标赛赛前训练（桂平竞技武术队）-Scene-041.mp4
688.mp4,腾空飞脚+（一步之内）侧空翻与侧空翻转体360°-Scene-008.mp4
689.mp4,腾空飞脚+（一步之内）侧空翻与侧空翻转体360°-Scene-003.mp4
690.mp4,腾空飞脚+（一步之内）侧空翻与侧空翻转体360°-Scene-009.mp4
691.mp4,腾空飞脚+（一步之内）侧空翻与侧空翻转体360°-Scene-001.mp4
692.mp4,腾空飞脚+（一步之内）侧空翻与侧空翻转体360°-Scene-004.mp4
693.mp4,腾空飞脚+（一步之内）侧空翻与侧空翻转体360°-Scene-010.mp4
694.mp4,腾空飞脚+（一步之内）侧空翻与侧空翻转体360°-Scene-011.mp4
695.mp4,腾空飞脚+（一步之内）侧空翻与侧空翻转体360°-Scene-012.mp4
696.mp4,腾空飞脚+（一步之内）侧空翻与侧空翻转体360°-Scene-007.mp4
697.mp4,腾空飞脚+（一步之内）侧空翻与侧空翻转体360°-Scene-006.mp4
698.mp4,腾空飞脚+（一步之内）侧空翻与侧空翻转体360°-Scene-005.mp4
699.mp4,腾空飞脚+（一步之内）侧空翻与侧空翻转体360°-Scene-002.mp4
700.mp4,长穗剑-Scene-004.mp4
701.mp4,长穗剑-Scene-003.mp4
702.mp4,长穗剑-Scene-001.mp4
703.mp4,长穗剑-Scene-002.mp4
704.mp4,挂剑-Scene-001.mp4
705.mp4,初级刀术-Scene-016.mp4
706.mp4,初级刀术-Scene-015.mp4
707.mp4,初级刀术-Scene-017.mp4
708.mp4,初级刀术-Scene-020.mp4
709.mp4,初级刀术-Scene-025.mp4
710.mp4,初级刀术-Scene-004.mp4
711.mp4,初级刀术-Scene-021.mp4
712.mp4,初级刀术-Scene-023.mp4
713.mp4,初级刀术-Scene-024.mp4
714.mp4,初级刀术-Scene-014.mp4
715.mp4,初级刀术-Scene-011.mp4
716.mp4,初级刀术-Scene-029.mp4
717.mp4,初级刀术-Scene-018.mp4
718.mp4,初级刀术-Scene-008.mp4
719.mp4,初级刀术-Scene-028.mp4
720.mp4,初级刀术-Scene-006.mp4
721.mp4,初级刀术-Scene-007.mp4
722.mp4,初级刀术-Scene-003.mp4
723.mp4,初级刀术-Scene-026.mp4
724.mp4,初级刀术-Scene-013.mp4
725.mp4,初级刀术-Scene-019.mp4
726.mp4,初级刀术-Scene-005.mp4
727.mp4,初级刀术-Scene-022.mp4
728.mp4,初级刀术-Scene-027.mp4
729.mp4,初级刀术-Scene-009.mp4
730.mp4,初级刀术-Scene-001.mp4
731.mp4,初级刀术-Scene-010.mp4
732.mp4,初级刀术-Scene-002.mp4
733.mp4,初级刀术-Scene-012.mp4
734.mp4,第一套国际武术竞赛套路-南刀-第二段-国一南刀#桂平市竞技武术训练馆#桂平市竞技武术队-Scene-002.mp4
735.mp4,第一套国际武术竞赛套路-南刀-第二段-国一南刀#桂平市竞技武术训练馆#桂平市竞技武术队-Scene-001.mp4
736.mp4,褪去的色彩-Scene-002.mp4
737.mp4,褪去的色彩-Scene-012.mp4
738.mp4,褪去的色彩-Scene-005.mp4
739.mp4,褪去的色彩-Scene-010.mp4
740.mp4,褪去的色彩-Scene-001.mp4
741.mp4,褪去的色彩-Scene-015.mp4
742.mp4,褪去的色彩-Scene-008.mp4
743.mp4,褪去的色彩-Scene-009.mp4
744.mp4,褪去的色彩-Scene-003.mp4
745.mp4,褪去的色彩-Scene-007.mp4
746.mp4,褪去的色彩-Scene-004.mp4
747.mp4,褪去的色彩-Scene-017.mp4
748.mp4,褪去的色彩-Scene-018.mp4
749.mp4,褪去的色彩-Scene-019.mp4
750.mp4,褪去的色彩-Scene-014.mp4
751.mp4,褪去的色彩-Scene-016.mp4
752.mp4,褪去的色彩-Scene-006.mp4
753.mp4,褪去的色彩-Scene-013.mp4
754.mp4,褪去的色彩-Scene-011.mp4
755.mp4,【武术谢远航】Up主探索中，欢迎收看求三连！-Scene-001.mp4
756.mp4,2022年广西第十五届区运会武术套路比赛-男子丙组三项全能第二名-钟睿-Scene-007.mp4
757.mp4,2022年广西第十五届区运会武术套路比赛-男子丙组三项全能第二名-钟睿-Scene-010.mp4
758.mp4,2022年广西第十五届区运会武术套路比赛-男子丙组三项全能第二名-钟睿-Scene-005.mp4
759.mp4,2022年广西第十五届区运会武术套路比赛-男子丙组三项全能第二名-钟睿-Scene-009.mp4
760.mp4,2022年广西第十五届区运会武术套路比赛-男子丙组三项全能第二名-钟睿-Scene-008.mp4
761.mp4,2022年广西第十五届区运会武术套路比赛-男子丙组三项全能第二名-钟睿-Scene-003.mp4
762.mp4,2022年广西第十五届区运会武术套路比赛-男子丙组三项全能第二名-钟睿-Scene-013.mp4
763.mp4,2022年广西第十五届区运会武术套路比赛-男子丙组三项全能第二名-钟睿-Scene-006.mp4
764.mp4,2022年广西第十五届区运会武术套路比赛-男子丙组三项全能第二名-钟睿-Scene-014.mp4
765.mp4,2022年广西第十五届区运会武术套路比赛-男子丙组三项全能第二名-钟睿-Scene-002.mp4
766.mp4,2022年广西第十五届区运会武术套路比赛-男子丙组三项全能第二名-钟睿-Scene-011.mp4
767.mp4,2022年广西第十五届区运会武术套路比赛-男子丙组三项全能第二名-钟睿-Scene-004.mp4
768.mp4,2022年广西第十五届区运会武术套路比赛-男子丙组三项全能第二名-钟睿-Scene-012.mp4
769.mp4,2022年广西第十五届区运会武术套路比赛-男子丙组三项全能第二名-钟睿-Scene-001.mp4
770.mp4,第一套国际武术竞赛套路-枪术-第四段-国一枪术#桂平市竞技武术训练馆#桂平市竞技武术队-Scene-001.mp4
771.mp4,背花刀-Scene-001.mp4
772.mp4,旋子转体360°劈叉-Scene-005.mp4
773.mp4,旋子转体360°劈叉-Scene-004.mp4
774.mp4,旋子转体360°劈叉-Scene-007.mp4
775.mp4,旋子转体360°劈叉-Scene-001.mp4
776.mp4,旋子转体360°劈叉-Scene-002.mp4
777.mp4,旋子转体360°劈叉-Scene-006.mp4
778.mp4,旋子转体360°劈叉-Scene-003.mp4
779.mp4,旋子转体360°劈叉-Scene-008.mp4
780.mp4,回顾上一届广西区运会（武术套路）贵港代表队（桂平籍运动员）-Scene-022.mp4
781.mp4,回顾上一届广西区运会（武术套路）贵港代表队（桂平籍运动员）-Scene-030.mp4
782.mp4,回顾上一届广西区运会（武术套路）贵港代表队（桂平籍运动员）-Scene-008.mp4
783.mp4,回顾上一届广西区运会（武术套路）贵港代表队（桂平籍运动员）-Scene-024.mp4
784.mp4,回顾上一届广西区运会（武术套路）贵港代表队（桂平籍运动员）-Scene-028.mp4
785.mp4,回顾上一届广西区运会（武术套路）贵港代表队（桂平籍运动员）-Scene-019.mp4
786.mp4,回顾上一届广西区运会（武术套路）贵港代表队（桂平籍运动员）-Scene-021.mp4
787.mp4,回顾上一届广西区运会（武术套路）贵港代表队（桂平籍运动员）-Scene-026.mp4
788.mp4,回顾上一届广西区运会（武术套路）贵港代表队（桂平籍运动员）-Scene-006.mp4
789.mp4,回顾上一届广西区运会（武术套路）贵港代表队（桂平籍运动员）-Scene-016.mp4
790.mp4,回顾上一届广西区运会（武术套路）贵港代表队（桂平籍运动员）-Scene-011.mp4
791.mp4,回顾上一届广西区运会（武术套路）贵港代表队（桂平籍运动员）-Scene-002.mp4
792.mp4,回顾上一届广西区运会（武术套路）贵港代表队（桂平籍运动员）-Scene-014.mp4
793.mp4,回顾上一届广西区运会（武术套路）贵港代表队（桂平籍运动员）-Scene-012.mp4
794.mp4,回顾上一届广西区运会（武术套路）贵港代表队（桂平籍运动员）-Scene-003.mp4
795.mp4,回顾上一届广西区运会（武术套路）贵港代表队（桂平籍运动员）-Scene-001.mp4
796.mp4,回顾上一届广西区运会（武术套路）贵港代表队（桂平籍运动员）-Scene-010.mp4
797.mp4,回顾上一届广西区运会（武术套路）贵港代表队（桂平籍运动员）-Scene-025.mp4
798.mp4,回顾上一届广西区运会（武术套路）贵港代表队（桂平籍运动员）-Scene-029.mp4
799.mp4,回顾上一届广西区运会（武术套路）贵港代表队（桂平籍运动员）-Scene-005.mp4
800.mp4,回顾上一届广西区运会（武术套路）贵港代表队（桂平籍运动员）-Scene-027.mp4
801.mp4,回顾上一届广西区运会（武术套路）贵港代表队（桂平籍运动员）-Scene-017.mp4
802.mp4,回顾上一届广西区运会（武术套路）贵港代表队（桂平籍运动员）-Scene-004.mp4
803.mp4,回顾上一届广西区运会（武术套路）贵港代表队（桂平籍运动员）-Scene-018.mp4
804.mp4,回顾上一届广西区运会（武术套路）贵港代表队（桂平籍运动员）-Scene-013.mp4
805.mp4,回顾上一届广西区运会（武术套路）贵港代表队（桂平籍运动员）-Scene-015.mp4
806.mp4,回顾上一届广西区运会（武术套路）贵港代表队（桂平籍运动员）-Scene-023.mp4
807.mp4,回顾上一届广西区运会（武术套路）贵港代表队（桂平籍运动员）-Scene-007.mp4
808.mp4,回顾上一届广西区运会（武术套路）贵港代表队（桂平籍运动员）-Scene-020.mp4
809.mp4,回顾上一届广西区运会（武术套路）贵港代表队（桂平籍运动员）-Scene-009.mp4
810.mp4,42式太极拳-第四段 #桂平市竞技武术训练馆 #桂平市竞技武术队-Scene-002.mp4
811.mp4,42式太极拳-第四段 #桂平市竞技武术训练馆 #桂平市竞技武术队-Scene-001.mp4
812.mp4,42式太极拳-第四段 #桂平市竞技武术训练馆 #桂平市竞技武术队-Scene-003.mp4
813.mp4,基层武术-Scene-012.mp4
814.mp4,基层武术-Scene-015.mp4
815.mp4,基层武术-Scene-003.mp4
816.mp4,基层武术-Scene-020.mp4
817.mp4,基层武术-Scene-007.mp4
818.mp4,基层武术-Scene-019.mp4
819.mp4,基层武术-Scene-021.mp4
820.mp4,基层武术-Scene-005.mp4
821.mp4,基层武术-Scene-001.mp4
822.mp4,基层武术-Scene-014.mp4
823.mp4,基层武术-Scene-008.mp4
824.mp4,基层武术-Scene-024.mp4
825.mp4,基层武术-Scene-011.mp4
826.mp4,基层武术-Scene-022.mp4
827.mp4,基层武术-Scene-016.mp4
828.mp4,基层武术-Scene-025.mp4
829.mp4,基层武术-Scene-013.mp4
830.mp4,基层武术-Scene-023.mp4
831.mp4,基层武术-Scene-002.mp4
832.mp4,基层武术-Scene-017.mp4
833.mp4,基层武术-Scene-004.mp4
834.mp4,基层武术-Scene-018.mp4
835.mp4,基层武术-Scene-010.mp4
836.mp4,基层武术-Scene-009.mp4
837.mp4,基层武术-Scene-006.mp4
838.mp4,广西壮族自治区第十五届运动会武术套路比赛于2022年11月14日在桂平市五中体育馆完美收官[庆祝][庆祝][庆祝]，贵港队3金2银2铜[烟花][烟花][烟花]-Scene-014.mp4
839.mp4,广西壮族自治区第十五届运动会武术套路比赛于2022年11月14日在桂平市五中体育馆完美收官[庆祝][庆祝][庆祝]，贵港队3金2银2铜[烟花][烟花][烟花]-Scene-012.mp4
840.mp4,广西壮族自治区第十五届运动会武术套路比赛于2022年11月14日在桂平市五中体育馆完美收官[庆祝][庆祝][庆祝]，贵港队3金2银2铜[烟花][烟花][烟花]-Scene-008.mp4
841.mp4,广西壮族自治区第十五届运动会武术套路比赛于2022年11月14日在桂平市五中体育馆完美收官[庆祝][庆祝][庆祝]，贵港队3金2银2铜[烟花][烟花][烟花]-Scene-024.mp4
842.mp4,广西壮族自治区第十五届运动会武术套路比赛于2022年11月14日在桂平市五中体育馆完美收官[庆祝][庆祝][庆祝]，贵港队3金2银2铜[烟花][烟花][烟花]-Scene-003.mp4
843.mp4,广西壮族自治区第十五届运动会武术套路比赛于2022年11月14日在桂平市五中体育馆完美收官[庆祝][庆祝][庆祝]，贵港队3金2银2铜[烟花][烟花][烟花]-Scene-019.mp4
844.mp4,广西壮族自治区第十五届运动会武术套路比赛于2022年11月14日在桂平市五中体育馆完美收官[庆祝][庆祝][庆祝]，贵港队3金2银2铜[烟花][烟花][烟花]-Scene-005.mp4
845.mp4,广西壮族自治区第十五届运动会武术套路比赛于2022年11月14日在桂平市五中体育馆完美收官[庆祝][庆祝][庆祝]，贵港队3金2银2铜[烟花][烟花][烟花]-Scene-021.mp4
846.mp4,广西壮族自治区第十五届运动会武术套路比赛于2022年11月14日在桂平市五中体育馆完美收官[庆祝][庆祝][庆祝]，贵港队3金2银2铜[烟花][烟花][烟花]-Scene-004.mp4
847.mp4,广西壮族自治区第十五届运动会武术套路比赛于2022年11月14日在桂平市五中体育馆完美收官[庆祝][庆祝][庆祝]，贵港队3金2银2铜[烟花][烟花][烟花]-Scene-007.mp4
848.mp4,广西壮族自治区第十五届运动会武术套路比赛于2022年11月14日在桂平市五中体育馆完美收官[庆祝][庆祝][庆祝]，贵港队3金2银2铜[烟花][烟花][烟花]-Scene-011.mp4
849.mp4,广西壮族自治区第十五届运动会武术套路比赛于2022年11月14日在桂平市五中体育馆完美收官[庆祝][庆祝][庆祝]，贵港队3金2银2铜[烟花][烟花][烟花]-Scene-017.mp4
850.mp4,广西壮族自治区第十五届运动会武术套路比赛于2022年11月14日在桂平市五中体育馆完美收官[庆祝][庆祝][庆祝]，贵港队3金2银2铜[烟花][烟花][烟花]-Scene-006.mp4
851.mp4,广西壮族自治区第十五届运动会武术套路比赛于2022年11月14日在桂平市五中体育馆完美收官[庆祝][庆祝][庆祝]，贵港队3金2银2铜[烟花][烟花][烟花]-Scene-020.mp4
852.mp4,广西壮族自治区第十五届运动会武术套路比赛于2022年11月14日在桂平市五中体育馆完美收官[庆祝][庆祝][庆祝]，贵港队3金2银2铜[烟花][烟花][烟花]-Scene-015.mp4
853.mp4,广西壮族自治区第十五届运动会武术套路比赛于2022年11月14日在桂平市五中体育馆完美收官[庆祝][庆祝][庆祝]，贵港队3金2银2铜[烟花][烟花][烟花]-Scene-018.mp4
854.mp4,广西壮族自治区第十五届运动会武术套路比赛于2022年11月14日在桂平市五中体育馆完美收官[庆祝][庆祝][庆祝]，贵港队3金2银2铜[烟花][烟花][烟花]-Scene-025.mp4
855.mp4,广西壮族自治区第十五届运动会武术套路比赛于2022年11月14日在桂平市五中体育馆完美收官[庆祝][庆祝][庆祝]，贵港队3金2银2铜[烟花][烟花][烟花]-Scene-022.mp4
856.mp4,广西壮族自治区第十五届运动会武术套路比赛于2022年11月14日在桂平市五中体育馆完美收官[庆祝][庆祝][庆祝]，贵港队3金2银2铜[烟花][烟花][烟花]-Scene-023.mp4
857.mp4,广西壮族自治区第十五届运动会武术套路比赛于2022年11月14日在桂平市五中体育馆完美收官[庆祝][庆祝][庆祝]，贵港队3金2银2铜[烟花][烟花][烟花]-Scene-002.mp4
858.mp4,广西壮族自治区第十五届运动会武术套路比赛于2022年11月14日在桂平市五中体育馆完美收官[庆祝][庆祝][庆祝]，贵港队3金2银2铜[烟花][烟花][烟花]-Scene-010.mp4
859.mp4,广西壮族自治区第十五届运动会武术套路比赛于2022年11月14日在桂平市五中体育馆完美收官[庆祝][庆祝][庆祝]，贵港队3金2银2铜[烟花][烟花][烟花]-Scene-013.mp4
860.mp4,广西壮族自治区第十五届运动会武术套路比赛于2022年11月14日在桂平市五中体育馆完美收官[庆祝][庆祝][庆祝]，贵港队3金2银2铜[烟花][烟花][烟花]-Scene-009.mp4
861.mp4,广西壮族自治区第十五届运动会武术套路比赛于2022年11月14日在桂平市五中体育馆完美收官[庆祝][庆祝][庆祝]，贵港队3金2银2铜[烟花][烟花][烟花]-Scene-016.mp4
862.mp4,广西壮族自治区第十五届运动会武术套路比赛于2022年11月14日在桂平市五中体育馆完美收官[庆祝][庆祝][庆祝]，贵港队3金2银2铜[烟花][烟花][烟花]-Scene-001.mp4
863.mp4,广西第十五届运动会武术套路比赛-桂平吴铭博-男子乙组三项全能第一名-Scene-003.mp4
864.mp4,广西第十五届运动会武术套路比赛-桂平吴铭博-男子乙组三项全能第一名-Scene-010.mp4
865.mp4,广西第十五届运动会武术套路比赛-桂平吴铭博-男子乙组三项全能第一名-Scene-012.mp4
866.mp4,广西第十五届运动会武术套路比赛-桂平吴铭博-男子乙组三项全能第一名-Scene-007.mp4
867.mp4,广西第十五届运动会武术套路比赛-桂平吴铭博-男子乙组三项全能第一名-Scene-013.mp4
868.mp4,广西第十五届运动会武术套路比赛-桂平吴铭博-男子乙组三项全能第一名-Scene-011.mp4
869.mp4,广西第十五届运动会武术套路比赛-桂平吴铭博-男子乙组三项全能第一名-Scene-004.mp4
870.mp4,广西第十五届运动会武术套路比赛-桂平吴铭博-男子乙组三项全能第一名-Scene-001.mp4
871.mp4,广西第十五届运动会武术套路比赛-桂平吴铭博-男子乙组三项全能第一名-Scene-006.mp4
872.mp4,广西第十五届运动会武术套路比赛-桂平吴铭博-男子乙组三项全能第一名-Scene-008.mp4
873.mp4,广西第十五届运动会武术套路比赛-桂平吴铭博-男子乙组三项全能第一名-Scene-009.mp4
874.mp4,广西第十五届运动会武术套路比赛-桂平吴铭博-男子乙组三项全能第一名-Scene-005.mp4
875.mp4,广西第十五届运动会武术套路比赛-桂平吴铭博-男子乙组三项全能第一名-Scene-002.mp4
876.mp4,【武术谢远航】视频已打包，欢迎围观！-Scene-005.mp4
877.mp4,【武术谢远航】视频已打包，欢迎围观！-Scene-006.mp4
878.mp4,【武术谢远航】视频已打包，欢迎围观！-Scene-003.mp4
879.mp4,【武术谢远航】视频已打包，欢迎围观！-Scene-002.mp4
880.mp4,【武术谢远航】视频已打包，欢迎围观！-Scene-004.mp4
881.mp4,【武术谢远航】视频已打包，欢迎围观！-Scene-001.mp4
882.mp4,云手-Scene-001.mp4
883.mp4,记录6岁小妹妹第一次独自完成侧空翻，虽然很低，但我相信，你一定会做得更好，继续加油。-Scene-016.mp4
884.mp4,记录6岁小妹妹第一次独自完成侧空翻，虽然很低，但我相信，你一定会做得更好，继续加油。-Scene-012.mp4
885.mp4,记录6岁小妹妹第一次独自完成侧空翻，虽然很低，但我相信，你一定会做得更好，继续加油。-Scene-002.mp4
886.mp4,记录6岁小妹妹第一次独自完成侧空翻，虽然很低，但我相信，你一定会做得更好，继续加油。-Scene-019.mp4
887.mp4,记录6岁小妹妹第一次独自完成侧空翻，虽然很低，但我相信，你一定会做得更好，继续加油。-Scene-014.mp4
888.mp4,记录6岁小妹妹第一次独自完成侧空翻，虽然很低，但我相信，你一定会做得更好，继续加油。-Scene-004.mp4
889.mp4,记录6岁小妹妹第一次独自完成侧空翻，虽然很低，但我相信，你一定会做得更好，继续加油。-Scene-010.mp4
890.mp4,记录6岁小妹妹第一次独自完成侧空翻，虽然很低，但我相信，你一定会做得更好，继续加油。-Scene-003.mp4
891.mp4,记录6岁小妹妹第一次独自完成侧空翻，虽然很低，但我相信，你一定会做得更好，继续加油。-Scene-013.mp4
892.mp4,记录6岁小妹妹第一次独自完成侧空翻，虽然很低，但我相信，你一定会做得更好，继续加油。-Scene-011.mp4
893.mp4,记录6岁小妹妹第一次独自完成侧空翻，虽然很低，但我相信，你一定会做得更好，继续加油。-Scene-009.mp4
894.mp4,记录6岁小妹妹第一次独自完成侧空翻，虽然很低，但我相信，你一定会做得更好，继续加油。-Scene-015.mp4
895.mp4,记录6岁小妹妹第一次独自完成侧空翻，虽然很低，但我相信，你一定会做得更好，继续加油。-Scene-018.mp4
896.mp4,记录6岁小妹妹第一次独自完成侧空翻，虽然很低，但我相信，你一定会做得更好，继续加油。-Scene-007.mp4
897.mp4,记录6岁小妹妹第一次独自完成侧空翻，虽然很低，但我相信，你一定会做得更好，继续加油。-Scene-001.mp4
898.mp4,记录6岁小妹妹第一次独自完成侧空翻，虽然很低，但我相信，你一定会做得更好，继续加油。-Scene-008.mp4
899.mp4,记录6岁小妹妹第一次独自完成侧空翻，虽然很低，但我相信，你一定会做得更好，继续加油。-Scene-020.mp4
900.mp4,记录6岁小妹妹第一次独自完成侧空翻，虽然很低，但我相信，你一定会做得更好，继续加油。-Scene-017.mp4
901.mp4,记录6岁小妹妹第一次独自完成侧空翻，虽然很低，但我相信，你一定会做得更好，继续加油。-Scene-005.mp4
902.mp4,记录6岁小妹妹第一次独自完成侧空翻，虽然很低，但我相信，你一定会做得更好，继续加油。-Scene-006.mp4
903.mp4,踢棍-Scene-001.mp4
904.mp4,第一套国际武术竞赛套路-南刀-第一段-国一南刀#桂平市竞技武术训练馆#桂平市竞技武术队-Scene-001.mp4
905.mp4,第一套国际武术竞赛套路-南刀-第一段-国一南刀#桂平市竞技武术训练馆#桂平市竞技武术队-Scene-003.mp4
906.mp4,第一套国际武术竞赛套路-南刀-第一段-国一南刀#桂平市竞技武术训练馆#桂平市竞技武术队-Scene-002.mp4
907.mp4,缠头-Scene-002.mp4
908.mp4,缠头-Scene-001.mp4
909.mp4,缠头-Scene-003.mp4
910.mp4,长拳类：腾空摆莲720°+马步、旋子转体360°+旋风脚720°+马步、腾空摆莲540°+马步、-Scene-001.mp4
911.mp4,基层武术兴趣班体能训练之一-Scene-001.mp4
912.mp4,（抛+腾空摆莲360°+接）（抛+抢背+接）-Scene-002.mp4
913.mp4,（抛+腾空摆莲360°+接）（抛+抢背+接）-Scene-001.mp4
914.mp4,揽雀尾-Scene-001.mp4
915.mp4,揽雀尾-Scene-002.mp4
916.mp4,第一套国际武术竞赛套路-长拳-第四段（动作名称）-Scene-001.mp4
917.mp4,段位制长拳二段-Scene-001.mp4
918.mp4,段位制长拳二段-Scene-002.mp4
919.mp4,崩枪-Scene-001.mp4
920.mp4,【武术谢远航】最新视频来袭，快来看看吧！-Scene-003.mp4
921.mp4,【武术谢远航】最新视频来袭，快来看看吧！-Scene-006.mp4
922.mp4,【武术谢远航】最新视频来袭，快来看看吧！-Scene-005.mp4
923.mp4,【武术谢远航】最新视频来袭，快来看看吧！-Scene-001.mp4
924.mp4,【武术谢远航】最新视频来袭，快来看看吧！-Scene-004.mp4
925.mp4,【武术谢远航】最新视频来袭，快来看看吧！-Scene-007.mp4
926.mp4,【武术谢远航】最新视频来袭，快来看看吧！-Scene-002.mp4
927.mp4,业余的场地，专业的教练，如果您的孩子想在武术这方面与众不同，少走冤枉路，少花冤枉钱，浪费不必要的光阴，过来试试，我会用专业的眼光为你的孩子在武术这条路上铺路。-Scene-010.mp4
928.mp4,业余的场地，专业的教练，如果您的孩子想在武术这方面与众不同，少走冤枉路，少花冤枉钱，浪费不必要的光阴，过来试试，我会用专业的眼光为你的孩子在武术这条路上铺路。-Scene-033.mp4
929.mp4,业余的场地，专业的教练，如果您的孩子想在武术这方面与众不同，少走冤枉路，少花冤枉钱，浪费不必要的光阴，过来试试，我会用专业的眼光为你的孩子在武术这条路上铺路。-Scene-022.mp4
930.mp4,业余的场地，专业的教练，如果您的孩子想在武术这方面与众不同，少走冤枉路，少花冤枉钱，浪费不必要的光阴，过来试试，我会用专业的眼光为你的孩子在武术这条路上铺路。-Scene-008.mp4
931.mp4,业余的场地，专业的教练，如果您的孩子想在武术这方面与众不同，少走冤枉路，少花冤枉钱，浪费不必要的光阴，过来试试，我会用专业的眼光为你的孩子在武术这条路上铺路。-Scene-031.mp4
932.mp4,业余的场地，专业的教练，如果您的孩子想在武术这方面与众不同，少走冤枉路，少花冤枉钱，浪费不必要的光阴，过来试试，我会用专业的眼光为你的孩子在武术这条路上铺路。-Scene-032.mp4
933.mp4,业余的场地，专业的教练，如果您的孩子想在武术这方面与众不同，少走冤枉路，少花冤枉钱，浪费不必要的光阴，过来试试，我会用专业的眼光为你的孩子在武术这条路上铺路。-Scene-025.mp4
934.mp4,业余的场地，专业的教练，如果您的孩子想在武术这方面与众不同，少走冤枉路，少花冤枉钱，浪费不必要的光阴，过来试试，我会用专业的眼光为你的孩子在武术这条路上铺路。-Scene-011.mp4
935.mp4,业余的场地，专业的教练，如果您的孩子想在武术这方面与众不同，少走冤枉路，少花冤枉钱，浪费不必要的光阴，过来试试，我会用专业的眼光为你的孩子在武术这条路上铺路。-Scene-001.mp4
936.mp4,业余的场地，专业的教练，如果您的孩子想在武术这方面与众不同，少走冤枉路，少花冤枉钱，浪费不必要的光阴，过来试试，我会用专业的眼光为你的孩子在武术这条路上铺路。-Scene-036.mp4
937.mp4,业余的场地，专业的教练，如果您的孩子想在武术这方面与众不同，少走冤枉路，少花冤枉钱，浪费不必要的光阴，过来试试，我会用专业的眼光为你的孩子在武术这条路上铺路。-Scene-016.mp4
938.mp4,业余的场地，专业的教练，如果您的孩子想在武术这方面与众不同，少走冤枉路，少花冤枉钱，浪费不必要的光阴，过来试试，我会用专业的眼光为你的孩子在武术这条路上铺路。-Scene-043.mp4
939.mp4,业余的场地，专业的教练，如果您的孩子想在武术这方面与众不同，少走冤枉路，少花冤枉钱，浪费不必要的光阴，过来试试，我会用专业的眼光为你的孩子在武术这条路上铺路。-Scene-040.mp4
940.mp4,业余的场地，专业的教练，如果您的孩子想在武术这方面与众不同，少走冤枉路，少花冤枉钱，浪费不必要的光阴，过来试试，我会用专业的眼光为你的孩子在武术这条路上铺路。-Scene-023.mp4
941.mp4,业余的场地，专业的教练，如果您的孩子想在武术这方面与众不同，少走冤枉路，少花冤枉钱，浪费不必要的光阴，过来试试，我会用专业的眼光为你的孩子在武术这条路上铺路。-Scene-039.mp4
942.mp4,业余的场地，专业的教练，如果您的孩子想在武术这方面与众不同，少走冤枉路，少花冤枉钱，浪费不必要的光阴，过来试试，我会用专业的眼光为你的孩子在武术这条路上铺路。-Scene-015.mp4
943.mp4,业余的场地，专业的教练，如果您的孩子想在武术这方面与众不同，少走冤枉路，少花冤枉钱，浪费不必要的光阴，过来试试，我会用专业的眼光为你的孩子在武术这条路上铺路。-Scene-004.mp4
944.mp4,业余的场地，专业的教练，如果您的孩子想在武术这方面与众不同，少走冤枉路，少花冤枉钱，浪费不必要的光阴，过来试试，我会用专业的眼光为你的孩子在武术这条路上铺路。-Scene-013.mp4
945.mp4,业余的场地，专业的教练，如果您的孩子想在武术这方面与众不同，少走冤枉路，少花冤枉钱，浪费不必要的光阴，过来试试，我会用专业的眼光为你的孩子在武术这条路上铺路。-Scene-037.mp4
946.mp4,业余的场地，专业的教练，如果您的孩子想在武术这方面与众不同，少走冤枉路，少花冤枉钱，浪费不必要的光阴，过来试试，我会用专业的眼光为你的孩子在武术这条路上铺路。-Scene-045.mp4
947.mp4,业余的场地，专业的教练，如果您的孩子想在武术这方面与众不同，少走冤枉路，少花冤枉钱，浪费不必要的光阴，过来试试，我会用专业的眼光为你的孩子在武术这条路上铺路。-Scene-053.mp4
948.mp4,业余的场地，专业的教练，如果您的孩子想在武术这方面与众不同，少走冤枉路，少花冤枉钱，浪费不必要的光阴，过来试试，我会用专业的眼光为你的孩子在武术这条路上铺路。-Scene-029.mp4
949.mp4,业余的场地，专业的教练，如果您的孩子想在武术这方面与众不同，少走冤枉路，少花冤枉钱，浪费不必要的光阴，过来试试，我会用专业的眼光为你的孩子在武术这条路上铺路。-Scene-046.mp4
950.mp4,业余的场地，专业的教练，如果您的孩子想在武术这方面与众不同，少走冤枉路，少花冤枉钱，浪费不必要的光阴，过来试试，我会用专业的眼光为你的孩子在武术这条路上铺路。-Scene-035.mp4
951.mp4,业余的场地，专业的教练，如果您的孩子想在武术这方面与众不同，少走冤枉路，少花冤枉钱，浪费不必要的光阴，过来试试，我会用专业的眼光为你的孩子在武术这条路上铺路。-Scene-021.mp4
952.mp4,业余的场地，专业的教练，如果您的孩子想在武术这方面与众不同，少走冤枉路，少花冤枉钱，浪费不必要的光阴，过来试试，我会用专业的眼光为你的孩子在武术这条路上铺路。-Scene-047.mp4
953.mp4,业余的场地，专业的教练，如果您的孩子想在武术这方面与众不同，少走冤枉路，少花冤枉钱，浪费不必要的光阴，过来试试，我会用专业的眼光为你的孩子在武术这条路上铺路。-Scene-003.mp4
954.mp4,业余的场地，专业的教练，如果您的孩子想在武术这方面与众不同，少走冤枉路，少花冤枉钱，浪费不必要的光阴，过来试试，我会用专业的眼光为你的孩子在武术这条路上铺路。-Scene-028.mp4
955.mp4,业余的场地，专业的教练，如果您的孩子想在武术这方面与众不同，少走冤枉路，少花冤枉钱，浪费不必要的光阴，过来试试，我会用专业的眼光为你的孩子在武术这条路上铺路。-Scene-002.mp4
956.mp4,业余的场地，专业的教练，如果您的孩子想在武术这方面与众不同，少走冤枉路，少花冤枉钱，浪费不必要的光阴，过来试试，我会用专业的眼光为你的孩子在武术这条路上铺路。-Scene-049.mp4
957.mp4,业余的场地，专业的教练，如果您的孩子想在武术这方面与众不同，少走冤枉路，少花冤枉钱，浪费不必要的光阴，过来试试，我会用专业的眼光为你的孩子在武术这条路上铺路。-Scene-058.mp4
958.mp4,业余的场地，专业的教练，如果您的孩子想在武术这方面与众不同，少走冤枉路，少花冤枉钱，浪费不必要的光阴，过来试试，我会用专业的眼光为你的孩子在武术这条路上铺路。-Scene-057.mp4
959.mp4,业余的场地，专业的教练，如果您的孩子想在武术这方面与众不同，少走冤枉路，少花冤枉钱，浪费不必要的光阴，过来试试，我会用专业的眼光为你的孩子在武术这条路上铺路。-Scene-048.mp4
960.mp4,业余的场地，专业的教练，如果您的孩子想在武术这方面与众不同，少走冤枉路，少花冤枉钱，浪费不必要的光阴，过来试试，我会用专业的眼光为你的孩子在武术这条路上铺路。-Scene-041.mp4
961.mp4,业余的场地，专业的教练，如果您的孩子想在武术这方面与众不同，少走冤枉路，少花冤枉钱，浪费不必要的光阴，过来试试，我会用专业的眼光为你的孩子在武术这条路上铺路。-Scene-027.mp4
962.mp4,业余的场地，专业的教练，如果您的孩子想在武术这方面与众不同，少走冤枉路，少花冤枉钱，浪费不必要的光阴，过来试试，我会用专业的眼光为你的孩子在武术这条路上铺路。-Scene-012.mp4
963.mp4,业余的场地，专业的教练，如果您的孩子想在武术这方面与众不同，少走冤枉路，少花冤枉钱，浪费不必要的光阴，过来试试，我会用专业的眼光为你的孩子在武术这条路上铺路。-Scene-052.mp4
964.mp4,业余的场地，专业的教练，如果您的孩子想在武术这方面与众不同，少走冤枉路，少花冤枉钱，浪费不必要的光阴，过来试试，我会用专业的眼光为你的孩子在武术这条路上铺路。-Scene-054.mp4
965.mp4,业余的场地，专业的教练，如果您的孩子想在武术这方面与众不同，少走冤枉路，少花冤枉钱，浪费不必要的光阴，过来试试，我会用专业的眼光为你的孩子在武术这条路上铺路。-Scene-044.mp4
966.mp4,业余的场地，专业的教练，如果您的孩子想在武术这方面与众不同，少走冤枉路，少花冤枉钱，浪费不必要的光阴，过来试试，我会用专业的眼光为你的孩子在武术这条路上铺路。-Scene-006.mp4
967.mp4,业余的场地，专业的教练，如果您的孩子想在武术这方面与众不同，少走冤枉路，少花冤枉钱，浪费不必要的光阴，过来试试，我会用专业的眼光为你的孩子在武术这条路上铺路。-Scene-024.mp4
968.mp4,业余的场地，专业的教练，如果您的孩子想在武术这方面与众不同，少走冤枉路，少花冤枉钱，浪费不必要的光阴，过来试试，我会用专业的眼光为你的孩子在武术这条路上铺路。-Scene-056.mp4
969.mp4,业余的场地，专业的教练，如果您的孩子想在武术这方面与众不同，少走冤枉路，少花冤枉钱，浪费不必要的光阴，过来试试，我会用专业的眼光为你的孩子在武术这条路上铺路。-Scene-009.mp4
970.mp4,业余的场地，专业的教练，如果您的孩子想在武术这方面与众不同，少走冤枉路，少花冤枉钱，浪费不必要的光阴，过来试试，我会用专业的眼光为你的孩子在武术这条路上铺路。-Scene-026.mp4
971.mp4,业余的场地，专业的教练，如果您的孩子想在武术这方面与众不同，少走冤枉路，少花冤枉钱，浪费不必要的光阴，过来试试，我会用专业的眼光为你的孩子在武术这条路上铺路。-Scene-042.mp4
972.mp4,业余的场地，专业的教练，如果您的孩子想在武术这方面与众不同，少走冤枉路，少花冤枉钱，浪费不必要的光阴，过来试试，我会用专业的眼光为你的孩子在武术这条路上铺路。-Scene-034.mp4
973.mp4,业余的场地，专业的教练，如果您的孩子想在武术这方面与众不同，少走冤枉路，少花冤枉钱，浪费不必要的光阴，过来试试，我会用专业的眼光为你的孩子在武术这条路上铺路。-Scene-055.mp4
974.mp4,业余的场地，专业的教练，如果您的孩子想在武术这方面与众不同，少走冤枉路，少花冤枉钱，浪费不必要的光阴，过来试试，我会用专业的眼光为你的孩子在武术这条路上铺路。-Scene-030.mp4
975.mp4,业余的场地，专业的教练，如果您的孩子想在武术这方面与众不同，少走冤枉路，少花冤枉钱，浪费不必要的光阴，过来试试，我会用专业的眼光为你的孩子在武术这条路上铺路。-Scene-014.mp4
976.mp4,业余的场地，专业的教练，如果您的孩子想在武术这方面与众不同，少走冤枉路，少花冤枉钱，浪费不必要的光阴，过来试试，我会用专业的眼光为你的孩子在武术这条路上铺路。-Scene-018.mp4
977.mp4,业余的场地，专业的教练，如果您的孩子想在武术这方面与众不同，少走冤枉路，少花冤枉钱，浪费不必要的光阴，过来试试，我会用专业的眼光为你的孩子在武术这条路上铺路。-Scene-017.mp4
978.mp4,业余的场地，专业的教练，如果您的孩子想在武术这方面与众不同，少走冤枉路，少花冤枉钱，浪费不必要的光阴，过来试试，我会用专业的眼光为你的孩子在武术这条路上铺路。-Scene-051.mp4
979.mp4,业余的场地，专业的教练，如果您的孩子想在武术这方面与众不同，少走冤枉路，少花冤枉钱，浪费不必要的光阴，过来试试，我会用专业的眼光为你的孩子在武术这条路上铺路。-Scene-019.mp4
980.mp4,业余的场地，专业的教练，如果您的孩子想在武术这方面与众不同，少走冤枉路，少花冤枉钱，浪费不必要的光阴，过来试试，我会用专业的眼光为你的孩子在武术这条路上铺路。-Scene-007.mp4
981.mp4,业余的场地，专业的教练，如果您的孩子想在武术这方面与众不同，少走冤枉路，少花冤枉钱，浪费不必要的光阴，过来试试，我会用专业的眼光为你的孩子在武术这条路上铺路。-Scene-038.mp4
982.mp4,业余的场地，专业的教练，如果您的孩子想在武术这方面与众不同，少走冤枉路，少花冤枉钱，浪费不必要的光阴，过来试试，我会用专业的眼光为你的孩子在武术这条路上铺路。-Scene-050.mp4
983.mp4,业余的场地，专业的教练，如果您的孩子想在武术这方面与众不同，少走冤枉路，少花冤枉钱，浪费不必要的光阴，过来试试，我会用专业的眼光为你的孩子在武术这条路上铺路。-Scene-020.mp4
984.mp4,业余的场地，专业的教练，如果您的孩子想在武术这方面与众不同，少走冤枉路，少花冤枉钱，浪费不必要的光阴，过来试试，我会用专业的眼光为你的孩子在武术这条路上铺路。-Scene-005.mp4
985.mp4,5岁半的小妹妹-Scene-005.mp4
986.mp4,5岁半的小妹妹-Scene-015.mp4
987.mp4,5岁半的小妹妹-Scene-024.mp4
988.mp4,5岁半的小妹妹-Scene-021.mp4
989.mp4,5岁半的小妹妹-Scene-014.mp4
990.mp4,5岁半的小妹妹-Scene-029.mp4
991.mp4,5岁半的小妹妹-Scene-012.mp4
992.mp4,5岁半的小妹妹-Scene-010.mp4
993.mp4,5岁半的小妹妹-Scene-031.mp4
994.mp4,5岁半的小妹妹-Scene-006.mp4
995.mp4,5岁半的小妹妹-Scene-013.mp4
996.mp4,5岁半的小妹妹-Scene-033.mp4
997.mp4,5岁半的小妹妹-Scene-027.mp4
998.mp4,5岁半的小妹妹-Scene-017.mp4
999.mp4,5岁半的小妹妹-Scene-025.mp4
1000.mp4,5岁半的小妹妹-Scene-008.mp4
1001.mp4,5岁半的小妹妹-Scene-032.mp4
1002.mp4,5岁半的小妹妹-Scene-018.mp4
1003.mp4,5岁半的小妹妹-Scene-007.mp4
1004.mp4,5岁半的小妹妹-Scene-022.mp4
1005.mp4,5岁半的小妹妹-Scene-001.mp4
1006.mp4,5岁半的小妹妹-Scene-026.mp4
1007.mp4,5岁半的小妹妹-Scene-023.mp4
1008.mp4,5岁半的小妹妹-Scene-011.mp4
1009.mp4,5岁半的小妹妹-Scene-035.mp4
1010.mp4,5岁半的小妹妹-Scene-016.mp4
1011.mp4,5岁半的小妹妹-Scene-028.mp4
1012.mp4,5岁半的小妹妹-Scene-020.mp4
1013.mp4,5岁半的小妹妹-Scene-034.mp4
1014.mp4,5岁半的小妹妹-Scene-003.mp4
1015.mp4,5岁半的小妹妹-Scene-019.mp4
1016.mp4,5岁半的小妹妹-Scene-004.mp4
1017.mp4,5岁半的小妹妹-Scene-030.mp4
1018.mp4,5岁半的小妹妹-Scene-009.mp4
1019.mp4,5岁半的小妹妹-Scene-002.mp4
1020.mp4,5岁半的小妹妹-Scene-036.mp4
1021.mp4,长拳类单拍脚组合-Scene-002.mp4
1022.mp4,长拳类单拍脚组合-Scene-001.mp4
1023.mp4,搂膝拗步-Scene-001.mp4
1024.mp4,搂膝拗步-Scene-002.mp4
1025.mp4,裹脑-Scene-002.mp4
1026.mp4,裹脑-Scene-001.mp4
1027.mp4,穿梭-Scene-001.mp4
1028.mp4,穿梭-Scene-002.mp4
1029.mp4,第一套国际武术竞赛套路-棍术-（第四段）国一棍术-Scene-001.mp4
1030.mp4,少儿武术-Scene-002.mp4
1031.mp4,少儿武术-Scene-010.mp4
1032.mp4,少儿武术-Scene-007.mp4
1033.mp4,少儿武术-Scene-008.mp4
1034.mp4,少儿武术-Scene-003.mp4
1035.mp4,少儿武术-Scene-011.mp4
1036.mp4,少儿武术-Scene-009.mp4
1037.mp4,少儿武术-Scene-004.mp4
1038.mp4,少儿武术-Scene-006.mp4
1039.mp4,少儿武术-Scene-012.mp4
1040.mp4,少儿武术-Scene-005.mp4
1041.mp4,少儿武术-Scene-001.mp4
1042.mp4,侧空翻转体360°、旋子转体360°+跌竖叉-Scene-003.mp4
1043.mp4,侧空翻转体360°、旋子转体360°+跌竖叉-Scene-005.mp4
1044.mp4,侧空翻转体360°、旋子转体360°+跌竖叉-Scene-001.mp4
1045.mp4,侧空翻转体360°、旋子转体360°+跌竖叉-Scene-008.mp4
1046.mp4,侧空翻转体360°、旋子转体360°+跌竖叉-Scene-002.mp4
1047.mp4,侧空翻转体360°、旋子转体360°+跌竖叉-Scene-011.mp4
1048.mp4,侧空翻转体360°、旋子转体360°+跌竖叉-Scene-010.mp4
1049.mp4,侧空翻转体360°、旋子转体360°+跌竖叉-Scene-009.mp4
1050.mp4,侧空翻转体360°、旋子转体360°+跌竖叉-Scene-007.mp4
1051.mp4,侧空翻转体360°、旋子转体360°+跌竖叉-Scene-006.mp4
1052.mp4,侧空翻转体360°、旋子转体360°+跌竖叉-Scene-012.mp4
1053.mp4,侧空翻转体360°、旋子转体360°+跌竖叉-Scene-004.mp4
1054.mp4,三路长拳-第四段（提膝挑掌）-Scene-001.mp4
1055.mp4,腾空摆莲腿720°+旋风跌720°-Scene-001.mp4
1056.mp4,腾空摆莲腿720°+旋风跌720°-Scene-002.mp4
1057.mp4,腾空摆莲腿720°+旋风跌720°-Scene-003.mp4
1058.mp4,腾空摆莲腿720°+旋风跌720°-Scene-004.mp4
1059.mp4,腾空摆莲腿720°+旋风跌720°-Scene-006.mp4
1060.mp4,腾空摆莲腿720°+旋风跌720°-Scene-005.mp4
1061.mp4,穿枪-Scene-001.mp4
1062.mp4,广西第十五届运动会武术套路比赛-桂平黄晓毅-男子丙组三项全能第一名-Scene-004.mp4
1063.mp4,广西第十五届运动会武术套路比赛-桂平黄晓毅-男子丙组三项全能第一名-Scene-016.mp4
1064.mp4,广西第十五届运动会武术套路比赛-桂平黄晓毅-男子丙组三项全能第一名-Scene-003.mp4
1065.mp4,广西第十五届运动会武术套路比赛-桂平黄晓毅-男子丙组三项全能第一名-Scene-015.mp4
1066.mp4,广西第十五届运动会武术套路比赛-桂平黄晓毅-男子丙组三项全能第一名-Scene-005.mp4
1067.mp4,广西第十五届运动会武术套路比赛-桂平黄晓毅-男子丙组三项全能第一名-Scene-014.mp4
1068.mp4,广西第十五届运动会武术套路比赛-桂平黄晓毅-男子丙组三项全能第一名-Scene-013.mp4
1069.mp4,广西第十五届运动会武术套路比赛-桂平黄晓毅-男子丙组三项全能第一名-Scene-018.mp4
1070.mp4,广西第十五届运动会武术套路比赛-桂平黄晓毅-男子丙组三项全能第一名-Scene-002.mp4
1071.mp4,广西第十五届运动会武术套路比赛-桂平黄晓毅-男子丙组三项全能第一名-Scene-010.mp4
1072.mp4,广西第十五届运动会武术套路比赛-桂平黄晓毅-男子丙组三项全能第一名-Scene-011.mp4
1073.mp4,广西第十五届运动会武术套路比赛-桂平黄晓毅-男子丙组三项全能第一名-Scene-009.mp4
1074.mp4,广西第十五届运动会武术套路比赛-桂平黄晓毅-男子丙组三项全能第一名-Scene-008.mp4
1075.mp4,广西第十五届运动会武术套路比赛-桂平黄晓毅-男子丙组三项全能第一名-Scene-017.mp4
1076.mp4,广西第十五届运动会武术套路比赛-桂平黄晓毅-男子丙组三项全能第一名-Scene-007.mp4
1077.mp4,广西第十五届运动会武术套路比赛-桂平黄晓毅-男子丙组三项全能第一名-Scene-006.mp4
1078.mp4,广西第十五届运动会武术套路比赛-桂平黄晓毅-男子丙组三项全能第一名-Scene-012.mp4
1079.mp4,广西第十五届运动会武术套路比赛-桂平黄晓毅-男子丙组三项全能第一名-Scene-001.mp4
1080.mp4,第一套国际武术竞赛套路-长拳（完整版）国一长拳-Scene-010.mp4
1081.mp4,第一套国际武术竞赛套路-长拳（完整版）国一长拳-Scene-001.mp4
1082.mp4,第一套国际武术竞赛套路-长拳（完整版）国一长拳-Scene-005.mp4
1083.mp4,第一套国际武术竞赛套路-长拳（完整版）国一长拳-Scene-004.mp4
1084.mp4,第一套国际武术竞赛套路-长拳（完整版）国一长拳-Scene-002.mp4
1085.mp4,第一套国际武术竞赛套路-长拳（完整版）国一长拳-Scene-008.mp4
1086.mp4,第一套国际武术竞赛套路-长拳（完整版）国一长拳-Scene-007.mp4
1087.mp4,第一套国际武术竞赛套路-长拳（完整版）国一长拳-Scene-006.mp4
1088.mp4,第一套国际武术竞赛套路-长拳（完整版）国一长拳-Scene-009.mp4
1089.mp4,第一套国际武术竞赛套路-长拳（完整版）国一长拳-Scene-003.mp4
1090.mp4,周末武术班-Scene-002.mp4
1091.mp4,周末武术班-Scene-001.mp4
1092.mp4,周末武术班-Scene-006.mp4
1093.mp4,周末武术班-Scene-005.mp4
1094.mp4,周末武术班-Scene-008.mp4
1095.mp4,周末武术班-Scene-004.mp4
1096.mp4,周末武术班-Scene-003.mp4
1097.mp4,周末武术班-Scene-009.mp4
1098.mp4,周末武术班-Scene-007.mp4
1099.mp4,第一套国际武术竞赛套路-棍术（第一段）国一棍术-Scene-001.mp4
1100.mp4,刀-Scene-008.mp4
1101.mp4,刀-Scene-007.mp4
1102.mp4,刀-Scene-001.mp4
1103.mp4,刀-Scene-005.mp4
1104.mp4,刀-Scene-004.mp4
1105.mp4,刀-Scene-003.mp4
1106.mp4,刀-Scene-006.mp4
1107.mp4,刀-Scene-009.mp4
1108.mp4,刀-Scene-002.mp4
1109.mp4,点棍-Scene-002.mp4
1110.mp4,点棍-Scene-001.mp4
1111.mp4,拦拿扎枪-Scene-001.mp4
1112.mp4,成长的路上-Scene-066.mp4
1113.mp4,成长的路上-Scene-057.mp4
1114.mp4,成长的路上-Scene-058.mp4
1115.mp4,成长的路上-Scene-028.mp4
1116.mp4,成长的路上-Scene-018.mp4
1117.mp4,成长的路上-Scene-065.mp4
1118.mp4,成长的路上-Scene-067.mp4
1119.mp4,成长的路上-Scene-019.mp4
1120.mp4,成长的路上-Scene-006.mp4
1121.mp4,成长的路上-Scene-030.mp4
1122.mp4,成长的路上-Scene-036.mp4
1123.mp4,成长的路上-Scene-002.mp4
1124.mp4,成长的路上-Scene-035.mp4
1125.mp4,成长的路上-Scene-059.mp4
1126.mp4,成长的路上-Scene-061.mp4
1127.mp4,成长的路上-Scene-020.mp4
1128.mp4,成长的路上-Scene-024.mp4
1129.mp4,成长的路上-Scene-008.mp4
1130.mp4,成长的路上-Scene-068.mp4
1131.mp4,成长的路上-Scene-015.mp4
1132.mp4,成长的路上-Scene-007.mp4
1133.mp4,成长的路上-Scene-025.mp4
1134.mp4,成长的路上-Scene-003.mp4
1135.mp4,成长的路上-Scene-021.mp4
1136.mp4,成长的路上-Scene-026.mp4
1137.mp4,成长的路上-Scene-074.mp4
1138.mp4,成长的路上-Scene-010.mp4
1139.mp4,成长的路上-Scene-063.mp4
1140.mp4,成长的路上-Scene-017.mp4
1141.mp4,成长的路上-Scene-013.mp4
1142.mp4,成长的路上-Scene-064.mp4
1143.mp4,成长的路上-Scene-022.mp4
1144.mp4,成长的路上-Scene-041.mp4
1145.mp4,成长的路上-Scene-037.mp4
1146.mp4,成长的路上-Scene-001.mp4
1147.mp4,成长的路上-Scene-011.mp4
1148.mp4,成长的路上-Scene-045.mp4
1149.mp4,成长的路上-Scene-050.mp4
1150.mp4,成长的路上-Scene-012.mp4
1151.mp4,成长的路上-Scene-069.mp4
1152.mp4,成长的路上-Scene-070.mp4
1153.mp4,成长的路上-Scene-072.mp4
1154.mp4,成长的路上-Scene-029.mp4
1155.mp4,成长的路上-Scene-075.mp4
1156.mp4,成长的路上-Scene-049.mp4
1157.mp4,成长的路上-Scene-071.mp4
1158.mp4,成长的路上-Scene-043.mp4
1159.mp4,成长的路上-Scene-005.mp4
1160.mp4,成长的路上-Scene-056.mp4
1161.mp4,成长的路上-Scene-039.mp4
1162.mp4,成长的路上-Scene-044.mp4
1163.mp4,成长的路上-Scene-034.mp4
1164.mp4,成长的路上-Scene-014.mp4
1165.mp4,成长的路上-Scene-073.mp4
1166.mp4,成长的路上-Scene-046.mp4
1167.mp4,成长的路上-Scene-023.mp4
1168.mp4,成长的路上-Scene-060.mp4
1169.mp4,成长的路上-Scene-033.mp4
1170.mp4,成长的路上-Scene-027.mp4
1171.mp4,成长的路上-Scene-055.mp4
1172.mp4,成长的路上-Scene-053.mp4
1173.mp4,成长的路上-Scene-048.mp4
1174.mp4,成长的路上-Scene-054.mp4
1175.mp4,成长的路上-Scene-038.mp4
1176.mp4,成长的路上-Scene-032.mp4
1177.mp4,成长的路上-Scene-040.mp4
1178.mp4,成长的路上-Scene-042.mp4
1179.mp4,成长的路上-Scene-016.mp4
1180.mp4,成长的路上-Scene-051.mp4
1181.mp4,成长的路上-Scene-009.mp4
1182.mp4,成长的路上-Scene-052.mp4
1183.mp4,成长的路上-Scene-047.mp4
1184.mp4,成长的路上-Scene-062.mp4
1185.mp4,成长的路上-Scene-031.mp4
1186.mp4,成长的路上-Scene-004.mp4
1187.mp4,锻炼身体-Scene-007.mp4
1188.mp4,锻炼身体-Scene-002.mp4
1189.mp4,锻炼身体-Scene-003.mp4
1190.mp4,锻炼身体-Scene-005.mp4
1191.mp4,锻炼身体-Scene-004.mp4
1192.mp4,锻炼身体-Scene-001.mp4
1193.mp4,锻炼身体-Scene-006.mp4
1194.mp4,踢枪-Scene-001.mp4
1195.mp4,剪腕花-Scene-002.mp4
1196.mp4,剪腕花-Scene-001.mp4
1197.mp4,捋挤势-Scene-001.mp4
1198.mp4,暴大雨天……-Scene-007.mp4
1199.mp4,暴大雨天……-Scene-005.mp4
1200.mp4,暴大雨天……-Scene-004.mp4
1201.mp4,暴大雨天……-Scene-003.mp4
1202.mp4,暴大雨天……-Scene-002.mp4
1203.mp4,暴大雨天……-Scene-006.mp4
1204.mp4,第一套国际武术竞赛套路剑术（慢动作）国一剑术-第二段-Scene-002.mp4
1205.mp4,第一套国际武术竞赛套路剑术（慢动作）国一剑术-第二段-Scene-001.mp4
1206.mp4,第一套国际武术竞赛套路刀术（第三段）国一刀术-Scene-001.mp4
1207.mp4,2022年广西第十五届区运会武术套路比赛-男子乙组三项全能第一名-吴铭博-Scene-005.mp4
1208.mp4,2022年广西第十五届区运会武术套路比赛-男子乙组三项全能第一名-吴铭博-Scene-013.mp4
1209.mp4,2022年广西第十五届区运会武术套路比赛-男子乙组三项全能第一名-吴铭博-Scene-018.mp4
1210.mp4,2022年广西第十五届区运会武术套路比赛-男子乙组三项全能第一名-吴铭博-Scene-015.mp4
1211.mp4,2022年广西第十五届区运会武术套路比赛-男子乙组三项全能第一名-吴铭博-Scene-003.mp4
1212.mp4,2022年广西第十五届区运会武术套路比赛-男子乙组三项全能第一名-吴铭博-Scene-001.mp4
1213.mp4,2022年广西第十五届区运会武术套路比赛-男子乙组三项全能第一名-吴铭博-Scene-002.mp4
1214.mp4,2022年广西第十五届区运会武术套路比赛-男子乙组三项全能第一名-吴铭博-Scene-006.mp4
1215.mp4,2022年广西第十五届区运会武术套路比赛-男子乙组三项全能第一名-吴铭博-Scene-019.mp4
1216.mp4,2022年广西第十五届区运会武术套路比赛-男子乙组三项全能第一名-吴铭博-Scene-017.mp4
1217.mp4,2022年广西第十五届区运会武术套路比赛-男子乙组三项全能第一名-吴铭博-Scene-004.mp4
1218.mp4,2022年广西第十五届区运会武术套路比赛-男子乙组三项全能第一名-吴铭博-Scene-007.mp4
1219.mp4,2022年广西第十五届区运会武术套路比赛-男子乙组三项全能第一名-吴铭博-Scene-010.mp4
1220.mp4,2022年广西第十五届区运会武术套路比赛-男子乙组三项全能第一名-吴铭博-Scene-014.mp4
1221.mp4,2022年广西第十五届区运会武术套路比赛-男子乙组三项全能第一名-吴铭博-Scene-016.mp4
1222.mp4,2022年广西第十五届区运会武术套路比赛-男子乙组三项全能第一名-吴铭博-Scene-009.mp4
1223.mp4,2022年广西第十五届区运会武术套路比赛-男子乙组三项全能第一名-吴铭博-Scene-011.mp4
1224.mp4,2022年广西第十五届区运会武术套路比赛-男子乙组三项全能第一名-吴铭博-Scene-008.mp4
1225.mp4,2022年广西第十五届区运会武术套路比赛-男子乙组三项全能第一名-吴铭博-Scene-012.mp4
1226.mp4,周末动起来-Scene-001.mp4
1227.mp4,周末动起来-Scene-017.mp4
1228.mp4,周末动起来-Scene-018.mp4
1229.mp4,周末动起来-Scene-009.mp4
1230.mp4,周末动起来-Scene-008.mp4
1231.mp4,周末动起来-Scene-006.mp4
1232.mp4,周末动起来-Scene-005.mp4
1233.mp4,周末动起来-Scene-015.mp4
1234.mp4,周末动起来-Scene-014.mp4
1235.mp4,周末动起来-Scene-003.mp4
1236.mp4,周末动起来-Scene-007.mp4
1237.mp4,周末动起来-Scene-011.mp4
1238.mp4,周末动起来-Scene-016.mp4
1239.mp4,周末动起来-Scene-010.mp4
1240.mp4,周末动起来-Scene-004.mp4
1241.mp4,周末动起来-Scene-013.mp4
1242.mp4,周末动起来-Scene-002.mp4
1243.mp4,周末动起来-Scene-012.mp4
1244.mp4,段位制长拳一段-Scene-001.mp4
1245.mp4,段位制长拳一段-Scene-002.mp4
1246.mp4,穿剑-Scene-001.mp4
1247.mp4,因为专业，所以优秀，暑假班开班了！-Scene-034.mp4
1248.mp4,因为专业，所以优秀，暑假班开班了！-Scene-011.mp4
1249.mp4,因为专业，所以优秀，暑假班开班了！-Scene-050.mp4
1250.mp4,因为专业，所以优秀，暑假班开班了！-Scene-038.mp4
1251.mp4,因为专业，所以优秀，暑假班开班了！-Scene-018.mp4
1252.mp4,因为专业，所以优秀，暑假班开班了！-Scene-045.mp4
1253.mp4,因为专业，所以优秀，暑假班开班了！-Scene-020.mp4
1254.mp4,因为专业，所以优秀，暑假班开班了！-Scene-015.mp4
1255.mp4,因为专业，所以优秀，暑假班开班了！-Scene-019.mp4
1256.mp4,因为专业，所以优秀，暑假班开班了！-Scene-033.mp4
1257.mp4,因为专业，所以优秀，暑假班开班了！-Scene-006.mp4
1258.mp4,因为专业，所以优秀，暑假班开班了！-Scene-056.mp4
1259.mp4,因为专业，所以优秀，暑假班开班了！-Scene-021.mp4
1260.mp4,因为专业，所以优秀，暑假班开班了！-Scene-025.mp4
1261.mp4,因为专业，所以优秀，暑假班开班了！-Scene-057.mp4
1262.mp4,因为专业，所以优秀，暑假班开班了！-Scene-044.mp4
1263.mp4,因为专业，所以优秀，暑假班开班了！-Scene-009.mp4
1264.mp4,因为专业，所以优秀，暑假班开班了！-Scene-041.mp4
1265.mp4,因为专业，所以优秀，暑假班开班了！-Scene-013.mp4
1266.mp4,因为专业，所以优秀，暑假班开班了！-Scene-002.mp4
1267.mp4,因为专业，所以优秀，暑假班开班了！-Scene-014.mp4
1268.mp4,因为专业，所以优秀，暑假班开班了！-Scene-012.mp4
1269.mp4,因为专业，所以优秀，暑假班开班了！-Scene-035.mp4
1270.mp4,因为专业，所以优秀，暑假班开班了！-Scene-016.mp4
1271.mp4,因为专业，所以优秀，暑假班开班了！-Scene-032.mp4
1272.mp4,因为专业，所以优秀，暑假班开班了！-Scene-022.mp4
1273.mp4,因为专业，所以优秀，暑假班开班了！-Scene-017.mp4
1274.mp4,因为专业，所以优秀，暑假班开班了！-Scene-029.mp4
1275.mp4,因为专业，所以优秀，暑假班开班了！-Scene-036.mp4
1276.mp4,因为专业，所以优秀，暑假班开班了！-Scene-003.mp4
1277.mp4,因为专业，所以优秀，暑假班开班了！-Scene-028.mp4
1278.mp4,因为专业，所以优秀，暑假班开班了！-Scene-007.mp4
1279.mp4,因为专业，所以优秀，暑假班开班了！-Scene-042.mp4
1280.mp4,因为专业，所以优秀，暑假班开班了！-Scene-010.mp4
1281.mp4,因为专业，所以优秀，暑假班开班了！-Scene-026.mp4
1282.mp4,因为专业，所以优秀，暑假班开班了！-Scene-046.mp4
1283.mp4,因为专业，所以优秀，暑假班开班了！-Scene-037.mp4
1284.mp4,因为专业，所以优秀，暑假班开班了！-Scene-043.mp4
1285.mp4,因为专业，所以优秀，暑假班开班了！-Scene-030.mp4
1286.mp4,因为专业，所以优秀，暑假班开班了！-Scene-039.mp4
1287.mp4,因为专业，所以优秀，暑假班开班了！-Scene-001.mp4
1288.mp4,因为专业，所以优秀，暑假班开班了！-Scene-004.mp4
1289.mp4,因为专业，所以优秀，暑假班开班了！-Scene-054.mp4
1290.mp4,因为专业，所以优秀，暑假班开班了！-Scene-031.mp4
1291.mp4,因为专业，所以优秀，暑假班开班了！-Scene-053.mp4
1292.mp4,因为专业，所以优秀，暑假班开班了！-Scene-052.mp4
1293.mp4,因为专业，所以优秀，暑假班开班了！-Scene-049.mp4
1294.mp4,因为专业，所以优秀，暑假班开班了！-Scene-051.mp4
1295.mp4,因为专业，所以优秀，暑假班开班了！-Scene-027.mp4
1296.mp4,因为专业，所以优秀，暑假班开班了！-Scene-005.mp4
1297.mp4,因为专业，所以优秀，暑假班开班了！-Scene-008.mp4
1298.mp4,因为专业，所以优秀，暑假班开班了！-Scene-040.mp4
1299.mp4,因为专业，所以优秀，暑假班开班了！-Scene-024.mp4
1300.mp4,因为专业，所以优秀，暑假班开班了！-Scene-048.mp4
1301.mp4,因为专业，所以优秀，暑假班开班了！-Scene-023.mp4
1302.mp4,因为专业，所以优秀，暑假班开班了！-Scene-047.mp4
1303.mp4,因为专业，所以优秀，暑假班开班了！-Scene-055.mp4
1304.mp4,第一套国际武术竞赛套路-长拳-第二段（动作名称）-Scene-002.mp4
1305.mp4,第一套国际武术竞赛套路-长拳-第二段（动作名称）-Scene-001.mp4
1306.mp4,第一套国际武术竞赛套路-南拳-第三段-国一南拳#桂平市竞技武术训练馆#桂平市竞技武术队-Scene-001.mp4
1307.mp4,42式太极拳-Scene-002.mp4
1308.mp4,42式太极拳-Scene-001.mp4
1309.mp4,初级刀第四段与初级剑第二段。-Scene-001.mp4
1310.mp4,初级刀第四段与初级剑第二段。-Scene-002.mp4
1311.mp4,劈枪-Scene-001.mp4
1312.mp4,新规则-Scene-002.mp4
1313.mp4,新规则-Scene-001.mp4
1314.mp4,第一套国际武术竞赛套路-枪术-第二段-国一枪术#桂平市竞技武术训练馆#桂平市竞技武术队-Scene-001.mp4
1315.mp4,段位制长拳三段单练套路-Scene-003.mp4
1316.mp4,段位制长拳三段单练套路-Scene-004.mp4
1317.mp4,段位制长拳三段单练套路-Scene-001.mp4
1318.mp4,段位制长拳三段单练套路-Scene-002.mp4
1319.mp4,初级枪术-Scene-009.mp4
1320.mp4,初级枪术-Scene-022.mp4
1321.mp4,初级枪术-Scene-016.mp4
1322.mp4,初级枪术-Scene-027.mp4
1323.mp4,初级枪术-Scene-002.mp4
1324.mp4,初级枪术-Scene-024.mp4
1325.mp4,初级枪术-Scene-015.mp4
1326.mp4,初级枪术-Scene-001.mp4
1327.mp4,初级枪术-Scene-026.mp4
1328.mp4,初级枪术-Scene-017.mp4
1329.mp4,初级枪术-Scene-007.mp4
1330.mp4,初级枪术-Scene-018.mp4
1331.mp4,初级枪术-Scene-021.mp4
1332.mp4,初级枪术-Scene-005.mp4
1333.mp4,初级枪术-Scene-008.mp4
1334.mp4,初级枪术-Scene-004.mp4
1335.mp4,初级枪术-Scene-010.mp4
1336.mp4,初级枪术-Scene-013.mp4
1337.mp4,初级枪术-Scene-030.mp4
1338.mp4,初级枪术-Scene-011.mp4
1339.mp4,初级枪术-Scene-019.mp4
1340.mp4,初级枪术-Scene-023.mp4
1341.mp4,初级枪术-Scene-020.mp4
1342.mp4,初级枪术-Scene-029.mp4
1343.mp4,初级枪术-Scene-025.mp4
1344.mp4,初级枪术-Scene-003.mp4
1345.mp4,初级枪术-Scene-012.mp4
1346.mp4,初级枪术-Scene-006.mp4
1347.mp4,初级枪术-Scene-014.mp4
1348.mp4,初级枪术-Scene-028.mp4
1349.mp4,记录成长-Scene-008.mp4
1350.mp4,记录成长-Scene-010.mp4
1351.mp4,记录成长-Scene-033.mp4
1352.mp4,记录成长-Scene-014.mp4
1353.mp4,记录成长-Scene-006.mp4
1354.mp4,记录成长-Scene-001.mp4
1355.mp4,记录成长-Scene-015.mp4
1356.mp4,记录成长-Scene-002.mp4
1357.mp4,记录成长-Scene-005.mp4
1358.mp4,记录成长-Scene-009.mp4
1359.mp4,记录成长-Scene-027.mp4
1360.mp4,记录成长-Scene-022.mp4
1361.mp4,记录成长-Scene-031.mp4
1362.mp4,记录成长-Scene-026.mp4
1363.mp4,记录成长-Scene-011.mp4
1364.mp4,记录成长-Scene-032.mp4
1365.mp4,记录成长-Scene-019.mp4
1366.mp4,记录成长-Scene-024.mp4
1367.mp4,记录成长-Scene-007.mp4
1368.mp4,记录成长-Scene-023.mp4
1369.mp4,记录成长-Scene-029.mp4
1370.mp4,记录成长-Scene-030.mp4
1371.mp4,记录成长-Scene-034.mp4
1372.mp4,记录成长-Scene-013.mp4
1373.mp4,记录成长-Scene-025.mp4
1374.mp4,记录成长-Scene-012.mp4
1375.mp4,记录成长-Scene-003.mp4
1376.mp4,记录成长-Scene-017.mp4
1377.mp4,记录成长-Scene-018.mp4
1378.mp4,记录成长-Scene-004.mp4
1379.mp4,记录成长-Scene-035.mp4
1380.mp4,记录成长-Scene-021.mp4
1381.mp4,记录成长-Scene-028.mp4
1382.mp4,记录成长-Scene-036.mp4
1383.mp4,记录成长-Scene-016.mp4
1384.mp4,记录成长-Scene-020.mp4
1385.mp4,广西第十五届运动会武术套路比赛-桂平籍运动员记录瞬间。-Scene-010.mp4
1386.mp4,广西第十五届运动会武术套路比赛-桂平籍运动员记录瞬间。-Scene-019.mp4
1387.mp4,广西第十五届运动会武术套路比赛-桂平籍运动员记录瞬间。-Scene-018.mp4
1388.mp4,广西第十五届运动会武术套路比赛-桂平籍运动员记录瞬间。-Scene-004.mp4
1389.mp4,广西第十五届运动会武术套路比赛-桂平籍运动员记录瞬间。-Scene-029.mp4
1390.mp4,广西第十五届运动会武术套路比赛-桂平籍运动员记录瞬间。-Scene-006.mp4
1391.mp4,广西第十五届运动会武术套路比赛-桂平籍运动员记录瞬间。-Scene-023.mp4
1392.mp4,广西第十五届运动会武术套路比赛-桂平籍运动员记录瞬间。-Scene-012.mp4
1393.mp4,广西第十五届运动会武术套路比赛-桂平籍运动员记录瞬间。-Scene-017.mp4
1394.mp4,广西第十五届运动会武术套路比赛-桂平籍运动员记录瞬间。-Scene-007.mp4
1395.mp4,广西第十五届运动会武术套路比赛-桂平籍运动员记录瞬间。-Scene-011.mp4
1396.mp4,广西第十五届运动会武术套路比赛-桂平籍运动员记录瞬间。-Scene-003.mp4
1397.mp4,广西第十五届运动会武术套路比赛-桂平籍运动员记录瞬间。-Scene-001.mp4
1398.mp4,广西第十五届运动会武术套路比赛-桂平籍运动员记录瞬间。-Scene-030.mp4
1399.mp4,广西第十五届运动会武术套路比赛-桂平籍运动员记录瞬间。-Scene-027.mp4
1400.mp4,广西第十五届运动会武术套路比赛-桂平籍运动员记录瞬间。-Scene-013.mp4
1401.mp4,广西第十五届运动会武术套路比赛-桂平籍运动员记录瞬间。-Scene-008.mp4
1402.mp4,广西第十五届运动会武术套路比赛-桂平籍运动员记录瞬间。-Scene-026.mp4
1403.mp4,广西第十五届运动会武术套路比赛-桂平籍运动员记录瞬间。-Scene-020.mp4
1404.mp4,广西第十五届运动会武术套路比赛-桂平籍运动员记录瞬间。-Scene-025.mp4
1405.mp4,广西第十五届运动会武术套路比赛-桂平籍运动员记录瞬间。-Scene-024.mp4
1406.mp4,广西第十五届运动会武术套路比赛-桂平籍运动员记录瞬间。-Scene-022.mp4
1407.mp4,广西第十五届运动会武术套路比赛-桂平籍运动员记录瞬间。-Scene-014.mp4
1408.mp4,广西第十五届运动会武术套路比赛-桂平籍运动员记录瞬间。-Scene-028.mp4
1409.mp4,广西第十五届运动会武术套路比赛-桂平籍运动员记录瞬间。-Scene-016.mp4
1410.mp4,广西第十五届运动会武术套路比赛-桂平籍运动员记录瞬间。-Scene-005.mp4
1411.mp4,广西第十五届运动会武术套路比赛-桂平籍运动员记录瞬间。-Scene-009.mp4
1412.mp4,广西第十五届运动会武术套路比赛-桂平籍运动员记录瞬间。-Scene-021.mp4
1413.mp4,广西第十五届运动会武术套路比赛-桂平籍运动员记录瞬间。-Scene-015.mp4
1414.mp4,广西第十五届运动会武术套路比赛-桂平籍运动员记录瞬间。-Scene-002.mp4
1415.mp4,舞花棍-Scene-001.mp4
1416.mp4,膝关节半月板撕裂后6个月-Scene-001.mp4
1417.mp4,第一套国际武术竞赛套路-南棍-第一段-国一南棍#桂平市竞技武术训练馆 #桂平市竞技武术队-Scene-002.mp4
1418.mp4,第一套国际武术竞赛套路-南棍-第一段-国一南棍#桂平市竞技武术训练馆 #桂平市竞技武术队-Scene-001.mp4
1419.mp4,42式太极拳-完整版 #桂平市竞技武术训练馆 #桂平市竞技武术队-Scene-002.mp4
1420.mp4,42式太极拳-完整版 #桂平市竞技武术训练馆 #桂平市竞技武术队-Scene-004.mp4
1421.mp4,42式太极拳-完整版 #桂平市竞技武术训练馆 #桂平市竞技武术队-Scene-005.mp4
1422.mp4,42式太极拳-完整版 #桂平市竞技武术训练馆 #桂平市竞技武术队-Scene-001.mp4
1423.mp4,42式太极拳-完整版 #桂平市竞技武术训练馆 #桂平市竞技武术队-Scene-003.mp4
1424.mp4,少年规定拳（体育高考武术项目）-Scene-013.mp4
1425.mp4,少年规定拳（体育高考武术项目）-Scene-007.mp4
1426.mp4,少年规定拳（体育高考武术项目）-Scene-002.mp4
1427.mp4,少年规定拳（体育高考武术项目）-Scene-006.mp4
1428.mp4,少年规定拳（体育高考武术项目）-Scene-010.mp4
1429.mp4,少年规定拳（体育高考武术项目）-Scene-014.mp4
1430.mp4,少年规定拳（体育高考武术项目）-Scene-001.mp4
1431.mp4,少年规定拳（体育高考武术项目）-Scene-003.mp4
1432.mp4,少年规定拳（体育高考武术项目）-Scene-012.mp4
1433.mp4,少年规定拳（体育高考武术项目）-Scene-004.mp4
1434.mp4,少年规定拳（体育高考武术项目）-Scene-005.mp4
1435.mp4,少年规定拳（体育高考武术项目）-Scene-008.mp4
1436.mp4,少年规定拳（体育高考武术项目）-Scene-011.mp4
1437.mp4,少年规定拳（体育高考武术项目）-Scene-009.mp4
1438.mp4,少年规定拳（体育高考武术项目）-Scene-015.mp4
1439.mp4,第一套国际武术竞赛套路-南拳-第一段-国一南拳#桂平市竞技武术训练馆#桂平市竞技武术队-Scene-002.mp4
1440.mp4,第一套国际武术竞赛套路-南拳-第一段-国一南拳#桂平市竞技武术训练馆#桂平市竞技武术队-Scene-001.mp4
1441.mp4,39的大叔又出来“作死”，身上的肥膏越来越厚，已经不是身轻如燕的小伙子，没有了当初训练的冲劲，更多的却是过着“退休”的生活，就差把墨镜一带，左手鸟笼右手核桃。-Scene-002.mp4
1442.mp4,39的大叔又出来“作死”，身上的肥膏越来越厚，已经不是身轻如燕的小伙子，没有了当初训练的冲劲，更多的却是过着“退休”的生活，就差把墨镜一带，左手鸟笼右手核桃。-Scene-019.mp4
1443.mp4,39的大叔又出来“作死”，身上的肥膏越来越厚，已经不是身轻如燕的小伙子，没有了当初训练的冲劲，更多的却是过着“退休”的生活，就差把墨镜一带，左手鸟笼右手核桃。-Scene-020.mp4
1444.mp4,39的大叔又出来“作死”，身上的肥膏越来越厚，已经不是身轻如燕的小伙子，没有了当初训练的冲劲，更多的却是过着“退休”的生活，就差把墨镜一带，左手鸟笼右手核桃。-Scene-022.mp4
1445.mp4,39的大叔又出来“作死”，身上的肥膏越来越厚，已经不是身轻如燕的小伙子，没有了当初训练的冲劲，更多的却是过着“退休”的生活，就差把墨镜一带，左手鸟笼右手核桃。-Scene-012.mp4
1446.mp4,39的大叔又出来“作死”，身上的肥膏越来越厚，已经不是身轻如燕的小伙子，没有了当初训练的冲劲，更多的却是过着“退休”的生活，就差把墨镜一带，左手鸟笼右手核桃。-Scene-021.mp4
1447.mp4,39的大叔又出来“作死”，身上的肥膏越来越厚，已经不是身轻如燕的小伙子，没有了当初训练的冲劲，更多的却是过着“退休”的生活，就差把墨镜一带，左手鸟笼右手核桃。-Scene-005.mp4
1448.mp4,39的大叔又出来“作死”，身上的肥膏越来越厚，已经不是身轻如燕的小伙子，没有了当初训练的冲劲，更多的却是过着“退休”的生活，就差把墨镜一带，左手鸟笼右手核桃。-Scene-004.mp4
1449.mp4,39的大叔又出来“作死”，身上的肥膏越来越厚，已经不是身轻如燕的小伙子，没有了当初训练的冲劲，更多的却是过着“退休”的生活，就差把墨镜一带，左手鸟笼右手核桃。-Scene-017.mp4
1450.mp4,39的大叔又出来“作死”，身上的肥膏越来越厚，已经不是身轻如燕的小伙子，没有了当初训练的冲劲，更多的却是过着“退休”的生活，就差把墨镜一带，左手鸟笼右手核桃。-Scene-001.mp4
1451.mp4,39的大叔又出来“作死”，身上的肥膏越来越厚，已经不是身轻如燕的小伙子，没有了当初训练的冲劲，更多的却是过着“退休”的生活，就差把墨镜一带，左手鸟笼右手核桃。-Scene-006.mp4
1452.mp4,39的大叔又出来“作死”，身上的肥膏越来越厚，已经不是身轻如燕的小伙子，没有了当初训练的冲劲，更多的却是过着“退休”的生活，就差把墨镜一带，左手鸟笼右手核桃。-Scene-009.mp4
1453.mp4,39的大叔又出来“作死”，身上的肥膏越来越厚，已经不是身轻如燕的小伙子，没有了当初训练的冲劲，更多的却是过着“退休”的生活，就差把墨镜一带，左手鸟笼右手核桃。-Scene-018.mp4
1454.mp4,39的大叔又出来“作死”，身上的肥膏越来越厚，已经不是身轻如燕的小伙子，没有了当初训练的冲劲，更多的却是过着“退休”的生活，就差把墨镜一带，左手鸟笼右手核桃。-Scene-010.mp4
1455.mp4,39的大叔又出来“作死”，身上的肥膏越来越厚，已经不是身轻如燕的小伙子，没有了当初训练的冲劲，更多的却是过着“退休”的生活，就差把墨镜一带，左手鸟笼右手核桃。-Scene-023.mp4
1456.mp4,39的大叔又出来“作死”，身上的肥膏越来越厚，已经不是身轻如燕的小伙子，没有了当初训练的冲劲，更多的却是过着“退休”的生活，就差把墨镜一带，左手鸟笼右手核桃。-Scene-015.mp4
1457.mp4,39的大叔又出来“作死”，身上的肥膏越来越厚，已经不是身轻如燕的小伙子，没有了当初训练的冲劲，更多的却是过着“退休”的生活，就差把墨镜一带，左手鸟笼右手核桃。-Scene-013.mp4
1458.mp4,39的大叔又出来“作死”，身上的肥膏越来越厚，已经不是身轻如燕的小伙子，没有了当初训练的冲劲，更多的却是过着“退休”的生活，就差把墨镜一带，左手鸟笼右手核桃。-Scene-007.mp4
1459.mp4,39的大叔又出来“作死”，身上的肥膏越来越厚，已经不是身轻如燕的小伙子，没有了当初训练的冲劲，更多的却是过着“退休”的生活，就差把墨镜一带，左手鸟笼右手核桃。-Scene-003.mp4
1460.mp4,39的大叔又出来“作死”，身上的肥膏越来越厚，已经不是身轻如燕的小伙子，没有了当初训练的冲劲，更多的却是过着“退休”的生活，就差把墨镜一带，左手鸟笼右手核桃。-Scene-014.mp4
1461.mp4,39的大叔又出来“作死”，身上的肥膏越来越厚，已经不是身轻如燕的小伙子，没有了当初训练的冲劲，更多的却是过着“退休”的生活，就差把墨镜一带，左手鸟笼右手核桃。-Scene-008.mp4
1462.mp4,39的大叔又出来“作死”，身上的肥膏越来越厚，已经不是身轻如燕的小伙子，没有了当初训练的冲劲，更多的却是过着“退休”的生活，就差把墨镜一带，左手鸟笼右手核桃。-Scene-016.mp4
1463.mp4,39的大叔又出来“作死”，身上的肥膏越来越厚，已经不是身轻如燕的小伙子，没有了当初训练的冲劲，更多的却是过着“退休”的生活，就差把墨镜一带，左手鸟笼右手核桃。-Scene-011.mp4
1464.mp4,虚步-Scene-003.mp4
1465.mp4,虚步-Scene-002.mp4
1466.mp4,虚步-Scene-005.mp4
1467.mp4,虚步-Scene-004.mp4
1468.mp4,虚步-Scene-001.mp4
1469.mp4,记录侧空翻-Scene-013.mp4
1470.mp4,记录侧空翻-Scene-009.mp4
1471.mp4,记录侧空翻-Scene-007.mp4
1472.mp4,记录侧空翻-Scene-011.mp4
1473.mp4,记录侧空翻-Scene-002.mp4
1474.mp4,记录侧空翻-Scene-010.mp4
1475.mp4,记录侧空翻-Scene-006.mp4
1476.mp4,记录侧空翻-Scene-001.mp4
1477.mp4,记录侧空翻-Scene-005.mp4
1478.mp4,记录侧空翻-Scene-012.mp4
1479.mp4,记录侧空翻-Scene-004.mp4
1480.mp4,记录侧空翻-Scene-003.mp4
1481.mp4,记录侧空翻-Scene-008.mp4
1482.mp4,日常训练-Scene-001.mp4
1483.mp4,第一套国际武术竞赛套路-南拳-第四段-国一南拳#桂平市竞技武术训练馆#桂平市竞技武术队-Scene-001.mp4
1484.mp4,绞棍、戳棍、-Scene-002.mp4
1485.mp4,绞棍、戳棍、-Scene-001.mp4
1486.mp4,吴铭博-Scene-001.mp4
1487.mp4,吴铭博-Scene-002.mp4
1488.mp4,桂平市竞技武术队-Scene-029.mp4
1489.mp4,桂平市竞技武术队-Scene-021.mp4
1490.mp4,桂平市竞技武术队-Scene-047.mp4
1491.mp4,桂平市竞技武术队-Scene-007.mp4
1492.mp4,桂平市竞技武术队-Scene-035.mp4
1493.mp4,桂平市竞技武术队-Scene-017.mp4
1494.mp4,桂平市竞技武术队-Scene-043.mp4
1495.mp4,桂平市竞技武术队-Scene-038.mp4
1496.mp4,桂平市竞技武术队-Scene-016.mp4
1497.mp4,桂平市竞技武术队-Scene-051.mp4
1498.mp4,桂平市竞技武术队-Scene-015.mp4
1499.mp4,桂平市竞技武术队-Scene-031.mp4
1500.mp4,桂平市竞技武术队-Scene-010.mp4
1501.mp4,桂平市竞技武术队-Scene-048.mp4
1502.mp4,桂平市竞技武术队-Scene-002.mp4
1503.mp4,桂平市竞技武术队-Scene-023.mp4
1504.mp4,桂平市竞技武术队-Scene-044.mp4
1505.mp4,桂平市竞技武术队-Scene-036.mp4
1506.mp4,桂平市竞技武术队-Scene-032.mp4
1507.mp4,桂平市竞技武术队-Scene-039.mp4
1508.mp4,桂平市竞技武术队-Scene-011.mp4
1509.mp4,桂平市竞技武术队-Scene-033.mp4
1510.mp4,桂平市竞技武术队-Scene-012.mp4
1511.mp4,桂平市竞技武术队-Scene-028.mp4
1512.mp4,桂平市竞技武术队-Scene-013.mp4
1513.mp4,桂平市竞技武术队-Scene-009.mp4
1514.mp4,桂平市竞技武术队-Scene-020.mp4
1515.mp4,桂平市竞技武术队-Scene-003.mp4
1516.mp4,桂平市竞技武术队-Scene-046.mp4
1517.mp4,桂平市竞技武术队-Scene-040.mp4
1518.mp4,桂平市竞技武术队-Scene-022.mp4
1519.mp4,桂平市竞技武术队-Scene-030.mp4
1520.mp4,桂平市竞技武术队-Scene-019.mp4
1521.mp4,桂平市竞技武术队-Scene-008.mp4
1522.mp4,桂平市竞技武术队-Scene-045.mp4
1523.mp4,桂平市竞技武术队-Scene-041.mp4
1524.mp4,桂平市竞技武术队-Scene-004.mp4
1525.mp4,桂平市竞技武术队-Scene-018.mp4
1526.mp4,桂平市竞技武术队-Scene-026.mp4
1527.mp4,桂平市竞技武术队-Scene-025.mp4
1528.mp4,桂平市竞技武术队-Scene-049.mp4
1529.mp4,桂平市竞技武术队-Scene-014.mp4
1530.mp4,桂平市竞技武术队-Scene-001.mp4
1531.mp4,桂平市竞技武术队-Scene-005.mp4
1532.mp4,桂平市竞技武术队-Scene-006.mp4
1533.mp4,桂平市竞技武术队-Scene-050.mp4
1534.mp4,桂平市竞技武术队-Scene-034.mp4
1535.mp4,桂平市竞技武术队-Scene-027.mp4
1536.mp4,桂平市竞技武术队-Scene-042.mp4
1537.mp4,桂平市竞技武术队-Scene-037.mp4
1538.mp4,桂平市竞技武术队-Scene-024.mp4
1539.mp4,桂平市竞技武术队-Scene-052.mp4
1540.mp4,后腕花-Scene-002.mp4
1541.mp4,后腕花-Scene-001.mp4
1542.mp4,膝关节内侧半月板后角三级损伤，无手术5个月后42式太极剑锻炼。-Scene-002.mp4
1543.mp4,膝关节内侧半月板后角三级损伤，无手术5个月后42式太极剑锻炼。-Scene-001.mp4
1544.mp4,膝关节内侧半月板后角三级损伤，无手术5个月后42式太极剑锻炼。-Scene-004.mp4
1545.mp4,膝关节内侧半月板后角三级损伤，无手术5个月后42式太极剑锻炼。-Scene-003.mp4
1546.mp4,膝关节内侧半月板后角三级损伤，无手术5个月后42式太极剑锻炼。-Scene-005.mp4
1547.mp4,【武术谢远航】最新视频上线，求关注！-Scene-001.mp4
1548.mp4,桂平市竞技武术训练馆-Scene-038.mp4
1549.mp4,桂平市竞技武术训练馆-Scene-022.mp4
1550.mp4,桂平市竞技武术训练馆-Scene-008.mp4
1551.mp4,桂平市竞技武术训练馆-Scene-050.mp4
1552.mp4,桂平市竞技武术训练馆-Scene-052.mp4
1553.mp4,桂平市竞技武术训练馆-Scene-010.mp4
1554.mp4,桂平市竞技武术训练馆-Scene-047.mp4
1555.mp4,桂平市竞技武术训练馆-Scene-041.mp4
1556.mp4,桂平市竞技武术训练馆-Scene-007.mp4
1557.mp4,桂平市竞技武术训练馆-Scene-020.mp4
1558.mp4,桂平市竞技武术训练馆-Scene-009.mp4
1559.mp4,桂平市竞技武术训练馆-Scene-016.mp4
1560.mp4,桂平市竞技武术训练馆-Scene-034.mp4
1561.mp4,桂平市竞技武术训练馆-Scene-049.mp4
1562.mp4,桂平市竞技武术训练馆-Scene-027.mp4
1563.mp4,桂平市竞技武术训练馆-Scene-019.mp4
1564.mp4,桂平市竞技武术训练馆-Scene-012.mp4
1565.mp4,桂平市竞技武术训练馆-Scene-005.mp4
1566.mp4,桂平市竞技武术训练馆-Scene-011.mp4
1567.mp4,桂平市竞技武术训练馆-Scene-043.mp4
1568.mp4,桂平市竞技武术训练馆-Scene-032.mp4
1569.mp4,桂平市竞技武术训练馆-Scene-051.mp4
1570.mp4,桂平市竞技武术训练馆-Scene-025.mp4
1571.mp4,桂平市竞技武术训练馆-Scene-002.mp4
1572.mp4,桂平市竞技武术训练馆-Scene-014.mp4
1573.mp4,桂平市竞技武术训练馆-Scene-004.mp4
1574.mp4,桂平市竞技武术训练馆-Scene-042.mp4
1575.mp4,桂平市竞技武术训练馆-Scene-045.mp4
1576.mp4,桂平市竞技武术训练馆-Scene-036.mp4
1577.mp4,桂平市竞技武术训练馆-Scene-013.mp4
1578.mp4,桂平市竞技武术训练馆-Scene-026.mp4
1579.mp4,桂平市竞技武术训练馆-Scene-006.mp4
1580.mp4,桂平市竞技武术训练馆-Scene-028.mp4
1581.mp4,桂平市竞技武术训练馆-Scene-046.mp4
1582.mp4,桂平市竞技武术训练馆-Scene-015.mp4
1583.mp4,桂平市竞技武术训练馆-Scene-053.mp4
1584.mp4,桂平市竞技武术训练馆-Scene-035.mp4
1585.mp4,桂平市竞技武术训练馆-Scene-048.mp4
1586.mp4,桂平市竞技武术训练馆-Scene-018.mp4
1587.mp4,桂平市竞技武术训练馆-Scene-039.mp4
1588.mp4,桂平市竞技武术训练馆-Scene-029.mp4
1589.mp4,桂平市竞技武术训练馆-Scene-024.mp4
1590.mp4,桂平市竞技武术训练馆-Scene-031.mp4
1591.mp4,桂平市竞技武术训练馆-Scene-037.mp4
1592.mp4,桂平市竞技武术训练馆-Scene-033.mp4
1593.mp4,桂平市竞技武术训练馆-Scene-021.mp4
1594.mp4,桂平市竞技武术训练馆-Scene-044.mp4
1595.mp4,桂平市竞技武术训练馆-Scene-023.mp4
1596.mp4,桂平市竞技武术训练馆-Scene-030.mp4
1597.mp4,桂平市竞技武术训练馆-Scene-001.mp4
1598.mp4,桂平市竞技武术训练馆-Scene-040.mp4
1599.mp4,桂平市竞技武术训练馆-Scene-017.mp4
1600.mp4,桂平市竞技武术训练馆-Scene-003.mp4
1601.mp4,赛前训练-Scene-037.mp4
1602.mp4,赛前训练-Scene-013.mp4
1603.mp4,赛前训练-Scene-018.mp4
1604.mp4,赛前训练-Scene-005.mp4
1605.mp4,赛前训练-Scene-007.mp4
1606.mp4,赛前训练-Scene-014.mp4
1607.mp4,赛前训练-Scene-017.mp4
1608.mp4,赛前训练-Scene-002.mp4
1609.mp4,赛前训练-Scene-026.mp4
1610.mp4,赛前训练-Scene-028.mp4
1611.mp4,赛前训练-Scene-034.mp4
1612.mp4,赛前训练-Scene-011.mp4
1613.mp4,赛前训练-Scene-010.mp4
1614.mp4,赛前训练-Scene-009.mp4
1615.mp4,赛前训练-Scene-030.mp4
1616.mp4,赛前训练-Scene-025.mp4
1617.mp4,赛前训练-Scene-036.mp4
1618.mp4,赛前训练-Scene-003.mp4
1619.mp4,赛前训练-Scene-022.mp4
1620.mp4,赛前训练-Scene-032.mp4
1621.mp4,赛前训练-Scene-033.mp4
1622.mp4,赛前训练-Scene-024.mp4
1623.mp4,赛前训练-Scene-015.mp4
1624.mp4,赛前训练-Scene-004.mp4
1625.mp4,赛前训练-Scene-006.mp4
1626.mp4,赛前训练-Scene-031.mp4
1627.mp4,赛前训练-Scene-001.mp4
1628.mp4,赛前训练-Scene-012.mp4
1629.mp4,赛前训练-Scene-008.mp4
1630.mp4,赛前训练-Scene-019.mp4
1631.mp4,赛前训练-Scene-023.mp4
1632.mp4,赛前训练-Scene-016.mp4
1633.mp4,赛前训练-Scene-021.mp4
1634.mp4,赛前训练-Scene-027.mp4
1635.mp4,赛前训练-Scene-029.mp4
1636.mp4,赛前训练-Scene-035.mp4
1637.mp4,赛前训练-Scene-020.mp4
1638.mp4,挂刀-Scene-001.mp4
1639.mp4,悠悠长河，随岁月如初-Scene-014.mp4
1640.mp4,悠悠长河，随岁月如初-Scene-007.mp4
1641.mp4,悠悠长河，随岁月如初-Scene-012.mp4
1642.mp4,悠悠长河，随岁月如初-Scene-004.mp4
1643.mp4,悠悠长河，随岁月如初-Scene-003.mp4
1644.mp4,悠悠长河，随岁月如初-Scene-006.mp4
1645.mp4,悠悠长河，随岁月如初-Scene-016.mp4
1646.mp4,悠悠长河，随岁月如初-Scene-010.mp4
1647.mp4,悠悠长河，随岁月如初-Scene-011.mp4
1648.mp4,悠悠长河，随岁月如初-Scene-009.mp4
1649.mp4,悠悠长河，随岁月如初-Scene-002.mp4
1650.mp4,悠悠长河，随岁月如初-Scene-001.mp4
1651.mp4,悠悠长河，随岁月如初-Scene-015.mp4
1652.mp4,悠悠长河，随岁月如初-Scene-008.mp4
1653.mp4,悠悠长河，随岁月如初-Scene-017.mp4
1654.mp4,悠悠长河，随岁月如初-Scene-005.mp4
1655.mp4,悠悠长河，随岁月如初-Scene-013.mp4
1656.mp4,0601.mp4
1657.mp4,玉经琢磨多成器，剑拔沉埋便倚天。-Scene-001.mp4
1658.mp4,0602.mp4
1659.mp4,玉经琢磨多成器，剑拔沉埋便倚天。-Scene-002.mp4
1660.mp4,玉经琢磨多成器，剑拔沉埋便倚天。-Scene-005.mp4
1661.mp4,玉经琢磨多成器，剑拔沉埋便倚天。-Scene-003.mp4
1662.mp4,玉经琢磨多成器，剑拔沉埋便倚天。-Scene-004.mp4
1663.mp4,三路长拳-第三段-Scene-004.mp4
1664.mp4,三路长拳-第三段-Scene-003.mp4
1665.mp4,三路长拳-第三段-Scene-002.mp4
1666.mp4,三路长拳-第三段-Scene-001.mp4
1667.mp4,第一套国际武术竞赛套路-枪术-完整版-国一枪术#桂平市竞技武术训练馆#桂平市竞技武术队-Scene-002.mp4
1668.mp4,第一套国际武术竞赛套路-枪术-完整版-国一枪术#桂平市竞技武术训练馆#桂平市竞技武术队-Scene-004.mp4
1669.mp4,第一套国际武术竞赛套路-枪术-完整版-国一枪术#桂平市竞技武术训练馆#桂平市竞技武术队-Scene-001.mp4
1670.mp4,第一套国际武术竞赛套路-枪术-完整版-国一枪术#桂平市竞技武术训练馆#桂平市竞技武术队-Scene-006.mp4
1671.mp4,第一套国际武术竞赛套路-枪术-完整版-国一枪术#桂平市竞技武术训练馆#桂平市竞技武术队-Scene-003.mp4
1672.mp4,第一套国际武术竞赛套路-枪术-完整版-国一枪术#桂平市竞技武术训练馆#桂平市竞技武术队-Scene-005.mp4
1673.mp4,旋子转体360°-Scene-005.mp4
1674.mp4,旋子转体360°-Scene-004.mp4
1675.mp4,旋子转体360°-Scene-008.mp4
1676.mp4,旋子转体360°-Scene-010.mp4
1677.mp4,旋子转体360°-Scene-001.mp4
1678.mp4,旋子转体360°-Scene-003.mp4
1679.mp4,旋子转体360°-Scene-006.mp4
1680.mp4,旋子转体360°-Scene-002.mp4
1681.mp4,旋子转体360°-Scene-007.mp4
1682.mp4,旋子转体360°-Scene-009.mp4
1683.mp4,第一套国际武术竞赛套路-南刀-第三段-国一南刀#桂平市竞技武术训练馆#桂平市竞技武术队-Scene-002.mp4
1684.mp4,第一套国际武术竞赛套路-南刀-第三段-国一南刀#桂平市竞技武术训练馆#桂平市竞技武术队-Scene-001.mp4
1685.mp4,【武术谢远航】更新了一条视频，快来围观！-Scene-007.mp4
1686.mp4,【武术谢远航】更新了一条视频，快来围观！-Scene-003.mp4
1687.mp4,【武术谢远航】更新了一条视频，快来围观！-Scene-002.mp4
1688.mp4,【武术谢远航】更新了一条视频，快来围观！-Scene-005.mp4
1689.mp4,【武术谢远航】更新了一条视频，快来围观！-Scene-004.mp4
1690.mp4,【武术谢远航】更新了一条视频，快来围观！-Scene-001.mp4
1691.mp4,【武术谢远航】更新了一条视频，快来围观！-Scene-006.mp4
1692.mp4,截剑-Scene-001.mp4
1693.mp4,截剑-Scene-002.mp4
1694.mp4,截剑-Scene-003.mp4
1695.mp4,第一套国际武术竞赛套路-枪术-第一段-国一枪术#桂平市竞技武术训练馆#桂平市竞技武术队-Scene-001.mp4
1696.mp4,指定难度组合-Scene-001.mp4
1697.mp4,平抡棍-Scene-001.mp4
1698.mp4,日常的训练-Scene-003.mp4
1699.mp4,日常的训练-Scene-001.mp4
1700.mp4,日常的训练-Scene-002.mp4
1701.mp4,来自边远山区，基层县级市，鸟不拉屎无人问津的废弃堆.-Scene-001.mp4
1702.mp4,42式太极剑-第一段 #桂平市竞技武术训练馆 #桂平市竞技武术队-Scene-002.mp4
1703.mp4,42式太极剑-第一段 #桂平市竞技武术训练馆 #桂平市竞技武术队-Scene-001.mp4
1704.mp4,段位制长拳五段单练套路-Scene-013.mp4
1705.mp4,段位制长拳五段单练套路-Scene-010.mp4
1706.mp4,段位制长拳五段单练套路-Scene-012.mp4
1707.mp4,段位制长拳五段单练套路-Scene-008.mp4
1708.mp4,段位制长拳五段单练套路-Scene-003.mp4
1709.mp4,段位制长拳五段单练套路-Scene-002.mp4
1710.mp4,段位制长拳五段单练套路-Scene-009.mp4
1711.mp4,段位制长拳五段单练套路-Scene-005.mp4
1712.mp4,段位制长拳五段单练套路-Scene-001.mp4
1713.mp4,段位制长拳五段单练套路-Scene-007.mp4
1714.mp4,段位制长拳五段单练套路-Scene-016.mp4
1715.mp4,段位制长拳五段单练套路-Scene-017.mp4
1716.mp4,段位制长拳五段单练套路-Scene-011.mp4
1717.mp4,段位制长拳五段单练套路-Scene-015.mp4
1718.mp4,段位制长拳五段单练套路-Scene-004.mp4
1719.mp4,段位制长拳五段单练套路-Scene-014.mp4
1720.mp4,段位制长拳五段单练套路-Scene-006.mp4
1721.mp4,弓步-Scene-001.mp4
1722.mp4,第一套国际武术竞赛套路-南棍-第三段-国一南棍#桂平市竞技武术训练馆 #桂平市竞技武术队-Scene-001.mp4
1723.mp4,第一套国际武术竞赛套路-南棍-第三段-国一南棍#桂平市竞技武术训练馆 #桂平市竞技武术队-Scene-002.mp4
1724.mp4,劈刀-Scene-001.mp4
1725.mp4,扎刀-Scene-001.mp4
